OTU ID,Blackberry rhizhosphere,Blackberry root,Blueberry rhizhosphere,Blueberry root
"D_0__Bacteria,D_1__Acidobacteria,D_2__Acidobacteriia,D_3__Solibacterales,D_4__Solibacteraceae (Subgroup 3)",1,1,1,1
"D_0__Bacteria,D_1__Proteobacteria,D_2__Alphaproteobacteria,D_3__Rhizobiales,D_4__Xanthobacteraceae",1,1,1,1
"D_0__Bacteria,D_1__Proteobacteria,D_2__Alphaproteobacteria,D_3__Micropepsales,D_4__Micropepsaceae",1,1,1,1
"D_0__Bacteria,D_1__Acidobacteria,D_2__Acidobacteriia,D_3__Acidobacteriales,D_4__Acidobacteriaceae (Subgroup 1)",1,1,1,1
"D_0__Bacteria,D_1__Bacteroidetes,D_2__Bacteroidia,D_3__Chitinophagales,D_4__Chitinophagaceae",1,1,1,1
"D_0__Bacteria,D_1__Acidobacteria,D_2__Acidobacteriia,D_3__Acidobacteriales,D_4__uncultured",1,1,1,1
"D_0__Bacteria,D_1__Gemmatimonadetes,D_2__Gemmatimonadetes,D_3__Gemmatimonadales,D_4__Gemmatimonadaceae",1,1,1,1
"D_0__Bacteria,D_1__Bacteroidetes,D_2__Bacteroidia,D_3__Sphingobacteriales,D_4__Sphingobacteriaceae",1,1,1,1
"D_0__Bacteria,D_1__Proteobacteria,D_2__Gammaproteobacteria,D_3__Xanthomonadales,D_4__Rhodanobacteraceae",1,1,1,1
"D_0__Bacteria,D_1__Proteobacteria,D_2__Gammaproteobacteria,D_3__Betaproteobacteriales,D_4__Burkholderiaceae",1,1,1,1
"D_0__Bacteria,D_1__Verrucomicrobia,D_2__Verrucomicrobiae,D_3__Chthoniobacterales,D_4__Chthoniobacteraceae",1,1,1,1
"D_0__Bacteria,D_1__Verrucomicrobia,D_2__Verrucomicrobiae,D_3__Pedosphaerales,D_4__Pedosphaeraceae",1,1,1,1
"D_0__Bacteria,D_1__Proteobacteria,D_2__Alphaproteobacteria,D_3__Sphingomonadales,D_4__Sphingomonadaceae",1,1,1,1
"D_0__Bacteria,D_1__Proteobacteria,D_2__Alphaproteobacteria,D_3__Caulobacterales,D_4__Caulobacteraceae",1,1,1,1
"D_0__Bacteria,D_1__Proteobacteria,D_2__Alphaproteobacteria,D_3__Acetobacterales,D_4__Acetobacteraceae",1,1,1,1
"D_0__Bacteria,D_1__Bacteroidetes,D_2__Bacteroidia,D_3__Cytophagales,D_4__Microscillaceae",1,1,1,1
"D_0__Bacteria,D_1__Proteobacteria,D_2__Gammaproteobacteria,D_3__WD260,__",1,1,1,1
"D_0__Bacteria,D_1__Proteobacteria,D_2__Gammaproteobacteria,D_3__Gammaproteobacteria Incertae Sedis,D_4__Unknown Family",1,1,1,1
"D_0__Bacteria,D_1__Actinobacteria,D_2__Actinobacteria,D_3__Frankiales,D_4__Acidothermaceae",1,1,1,1
"D_0__Bacteria,D_1__Planctomycetes,D_2__Phycisphaerae,D_3__Tepidisphaerales,D_4__WD2101 soil group",1,1,1,1
"D_0__Bacteria,D_1__Actinobacteria,D_2__Thermoleophilia,D_3__Solirubrobacterales,D_4__Solirubrobacteraceae",1,1,1,1
"D_0__Bacteria,D_1__Proteobacteria,D_2__Alphaproteobacteria,D_3__Elsterales,D_4__uncultured",1,1,1,1
"D_0__Bacteria,D_1__Acidobacteria,D_2__Acidobacteriia,D_3__Subgroup 2,D_4__uncultured forest soil bacterium",1,1,1,1
"D_0__Bacteria,D_1__Proteobacteria,D_2__Alphaproteobacteria,D_3__Rhizobiales,D_4__Beijerinckiaceae",1,1,1,1
"D_0__Bacteria,D_1__Acidobacteria,D_2__Acidobacteriia,D_3__Subgroup 2,Ambiguous_taxa",1,1,1,1
"D_0__Bacteria,D_1__Actinobacteria,D_2__Actinobacteria,D_3__Corynebacteriales,D_4__Mycobacteriaceae",1,1,1,1
"D_0__Bacteria,D_1__Proteobacteria,D_2__Gammaproteobacteria,D_3__Betaproteobacteriales,D_4__Nitrosomonadaceae",1,1,1,1
"D_0__Bacteria,D_1__Acidobacteria,D_2__Acidobacteriia,D_3__Acidobacteriales,D_4__Koribacteraceae",1,1,1,1
"D_0__Bacteria,D_1__Proteobacteria,D_2__Deltaproteobacteria,D_3__Myxococcales,D_4__Haliangiaceae",1,1,1,1
"D_0__Bacteria,D_1__Acidobacteria,D_2__Subgroup 6,__,__",1,1,1,1
"D_0__Bacteria,D_1__Proteobacteria,D_2__Alphaproteobacteria,D_3__Reyranellales,D_4__Reyranellaceae",1,1,1,1
"D_0__Bacteria,D_1__Acidobacteria,D_2__Acidobacteriia,D_3__Subgroup 2,__",1,1,1,1
"D_0__Bacteria,D_1__Proteobacteria,D_2__Deltaproteobacteria,D_3__Myxococcales,D_4__Polyangiaceae",1,1,1,1
"D_0__Bacteria,D_1__Patescibacteria,D_2__Saccharimonadia,D_3__Saccharimonadales,__",1,1,1,1
"D_0__Bacteria,D_1__Actinobacteria,D_2__Thermoleophilia,D_3__Gaiellales,D_4__uncultured",1,1,1,1
"D_0__Bacteria,D_1__Proteobacteria,D_2__Alphaproteobacteria,D_3__Rhizobiales,D_4__Rhizobiales Incertae Sedis",1,1,1,1
"D_0__Bacteria,D_1__Proteobacteria,D_2__Alphaproteobacteria,D_3__Rhizobiales,D_4__KF-JG30-B3",1,1,1,1
"D_0__Bacteria,D_1__Planctomycetes,D_2__Planctomycetacia,D_3__Gemmatales,D_4__Gemmataceae",1,1,1,1
"D_0__Bacteria,D_1__Proteobacteria,D_2__Alphaproteobacteria,D_3__Rhizobiales,D_4__Devosiaceae",1,1,1,1
"D_0__Bacteria,D_1__Proteobacteria,D_2__Deltaproteobacteria,D_3__Myxococcales,D_4__BIrii41",1,1,1,1
"D_0__Bacteria,D_1__Proteobacteria,D_2__Gammaproteobacteria,D_3__WD260,D_4__uncultured bacterium",1,1,1,1
"D_0__Bacteria,D_1__Actinobacteria,D_2__Actinobacteria,D_3__Pseudonocardiales,D_4__Pseudonocardiaceae",1,1,1,1
"D_0__Bacteria,D_1__WPS-2,D_2__uncultured bacterium,D_3__uncultured bacterium,D_4__uncultured bacterium",1,1,1,1
"D_0__Bacteria,D_1__Chlamydiae,D_2__Chlamydiae,D_3__Chlamydiales,D_4__Simkaniaceae",1,1,1,1
"D_0__Bacteria,D_1__Actinobacteria,D_2__Acidimicrobiia,D_3__Microtrichales,D_4__Ilumatobacteraceae",1,1,1,1
"D_0__Bacteria,D_1__Actinobacteria,D_2__Thermoleophilia,D_3__Solirubrobacterales,D_4__67-14",1,1,1,1
"D_0__Bacteria,D_1__Actinobacteria,D_2__Actinobacteria,D_3__Micromonosporales,D_4__Micromonosporaceae",1,1,1,1
"D_0__Bacteria,D_1__Armatimonadetes,D_2__Fimbriimonadia,D_3__Fimbriimonadales,D_4__Fimbriimonadaceae",1,1,1,1
"D_0__Bacteria,D_1__Proteobacteria,D_2__Gammaproteobacteria,D_3__Betaproteobacteriales,D_4__SC-I-84",1,1,1,1
"D_0__Bacteria,D_1__Proteobacteria,D_2__Alphaproteobacteria,D_3__Rickettsiales,D_4__SM2D12",1,1,1,1
"D_0__Bacteria,D_1__Proteobacteria,D_2__Alphaproteobacteria,D_3__Rhizobiales,D_4__Rhizobiaceae",1,1,1,1
"D_0__Bacteria,D_1__Proteobacteria,D_2__Alphaproteobacteria,D_3__Rhodospirillales,D_4__uncultured",1,1,1,1
"D_0__Bacteria,D_1__Proteobacteria,D_2__Gammaproteobacteria,D_3__Betaproteobacteriales,D_4__TRA3-20",1,1,1,1
"D_0__Bacteria,D_1__Proteobacteria,D_2__Deltaproteobacteria,D_3__Bdellovibrionales,D_4__Bdellovibrionaceae",1,1,1,1
"D_0__Bacteria,D_1__Acidobacteria,D_2__Acidobacteriia,D_3__Subgroup 2,D_4__uncultured Acidobacteriaceae bacterium",1,0,1,1
"D_0__Bacteria,D_1__Proteobacteria,D_2__Gammaproteobacteria,D_3__Diplorickettsiales,D_4__Diplorickettsiaceae",1,1,1,1
"D_0__Bacteria,D_1__Proteobacteria,D_2__Gammaproteobacteria,D_3__Betaproteobacteriales,D_4__A21b",1,1,1,1
"D_0__Bacteria,D_1__Bacteroidetes,D_2__Bacteroidia,D_3__Sphingobacteriales,D_4__env.OPS 17",1,1,1,1
"D_0__Bacteria,D_1__Proteobacteria,D_2__Alphaproteobacteria,D_3__Caulobacterales,D_4__Hyphomonadaceae",1,1,1,1
"D_0__Bacteria,D_1__Planctomycetes,D_2__Planctomycetacia,D_3__Pirellulales,D_4__Pirellulaceae",1,1,1,1
"D_0__Bacteria,D_1__Proteobacteria,D_2__Gammaproteobacteria,D_3__Xanthomonadales,D_4__Xanthomonadaceae",1,1,1,1
"D_0__Bacteria,D_1__Bacteroidetes,D_2__Bacteroidia,D_3__Sphingobacteriales,D_4__AKYH767",1,1,1,1
"D_0__Bacteria,D_1__Planctomycetes,D_2__Phycisphaerae,D_3__Phycisphaerales,D_4__Phycisphaeraceae",1,1,1,1
"D_0__Bacteria,D_1__Patescibacteria,D_2__Saccharimonadia,D_3__Saccharimonadales,D_4__uncultured bacterium",1,1,1,1
"D_0__Bacteria,D_1__Acidobacteria,D_2__Thermoanaerobaculia,D_3__Thermoanaerobaculales,D_4__Thermoanaerobaculaceae",1,1,1,1
"D_0__Bacteria,D_1__Acidobacteria,D_2__Acidobacteriia,D_3__Subgroup 2,D_4__uncultured Holophaga sp.",1,1,1,1
"D_0__Bacteria,D_1__Actinobacteria,D_2__Actinobacteria,D_3__Micrococcales,D_4__Microbacteriaceae",1,1,1,1
"D_0__Bacteria,D_1__Patescibacteria,D_2__Parcubacteria,D_3__uncultured Parcubacteria group bacterium,D_4__uncultured Parcubacteria group bacterium",1,1,1,1
"D_0__Bacteria,D_1__Verrucomicrobia,D_2__Verrucomicrobiae,D_3__Opitutales,D_4__Opitutaceae",1,1,1,1
"D_0__Bacteria,D_1__Proteobacteria,D_2__Alphaproteobacteria,D_3__Dongiales,D_4__Dongiaceae",1,1,1,1
"D_0__Bacteria,D_1__Proteobacteria,D_2__Deltaproteobacteria,D_3__Myxococcales,D_4__Sandaracinaceae",1,1,1,1
"D_0__Bacteria,D_1__Bacteroidetes,D_2__Bacteroidia,D_3__Sphingobacteriales,D_4__CWT CU03-E12",1,0,1,1
"D_0__Bacteria,D_1__Actinobacteria,D_2__Actinobacteria,D_3__Frankiales,D_4__Frankiaceae",1,1,1,1
"D_0__Bacteria,D_1__Actinobacteria,D_2__Acidimicrobiia,D_3__IMCC26256,Ambiguous_taxa",1,1,1,1
"D_0__Bacteria,D_1__Patescibacteria,D_2__Parcubacteria,D_3__Candidatus Adlerbacteria,D_4__uncultured bacterium",1,1,1,1
"D_0__Bacteria,D_1__Actinobacteria,D_2__Actinobacteria,D_3__Propionibacteriales,D_4__Nocardioidaceae",1,1,1,1
"D_0__Bacteria,D_1__Acidobacteria,D_2__Blastocatellia (Subgroup 4),D_3__Blastocatellales,D_4__Blastocatellaceae",1,1,1,1
"D_0__Bacteria,D_1__Chloroflexi,D_2__AD3,D_3__uncultured bacterium,D_4__uncultured bacterium",1,0,1,1
"D_0__Bacteria,D_1__Verrucomicrobia,D_2__Verrucomicrobiae,D_3__Chthoniobacterales,D_4__Xiphinematobacteraceae",1,1,1,1
"D_0__Bacteria,D_1__Proteobacteria,D_2__Gammaproteobacteria,D_3__Pseudomonadales,D_4__Pseudomonadaceae",1,1,1,1
"D_0__Bacteria,D_1__Actinobacteria,D_2__Acidimicrobiia,D_3__uncultured,D_4__uncultured forest soil bacterium",1,1,1,1
"D_0__Bacteria,D_1__Planctomycetes,D_2__vadinHA49,D_3__metagenome,D_4__metagenome",1,1,1,1
"D_0__Bacteria,D_1__Actinobacteria,D_2__Acidimicrobiia,D_3__uncultured,__",1,1,1,1
"D_0__Bacteria,D_1__Bacteroidetes,D_2__Bacteroidia,D_3__Chitinophagales,D_4__uncultured",1,1,1,1
"D_0__Bacteria,D_1__Planctomycetes,D_2__Planctomycetacia,D_3__Isosphaerales,D_4__Isosphaeraceae",1,1,1,1
"D_0__Bacteria,D_1__Firmicutes,D_2__Bacilli,D_3__Bacillales,D_4__Bacillaceae",1,1,1,1
"D_0__Bacteria,D_1__Proteobacteria,D_2__Alphaproteobacteria,D_3__Rhizobiales,D_4__A0839",1,1,1,1
"D_0__Bacteria,D_1__Acidobacteria,D_2__Holophagae,D_3__Subgroup 7,__",1,1,1,1
"D_0__Bacteria,D_1__Actinobacteria,D_2__Acidimicrobiia,D_3__IMCC26256,__",1,1,1,1
"D_0__Bacteria,D_1__Acidobacteria,D_2__Holophagae,D_3__Holophagales,D_4__Holophagaceae",1,1,1,1
"D_0__Bacteria,D_1__Bacteroidetes,D_2__Bacteroidia,D_3__Flavobacteriales,D_4__Flavobacteriaceae",1,1,1,1
"D_0__Bacteria,D_1__Chloroflexi,D_2__Ktedonobacteria,D_3__Ktedonobacterales,D_4__Ktedonobacteraceae",1,1,1,1
"D_0__Bacteria,D_1__Proteobacteria,D_2__Deltaproteobacteria,D_3__Myxococcales,D_4__uncultured",1,1,1,1
"D_0__Bacteria,D_1__Patescibacteria,D_2__Parcubacteria,D_3__Candidatus Kaiserbacteria,__",1,1,1,1
"D_0__Bacteria,D_1__Proteobacteria,D_2__Alphaproteobacteria,D_3__uncultured,D_4__bacterium Ellin6089",1,1,1,1
"D_0__Bacteria,D_1__Proteobacteria,D_2__Deltaproteobacteria,D_3__Oligoflexales,D_4__0319-6G20",1,1,1,1
"D_0__Bacteria,D_1__Patescibacteria,D_2__Parcubacteria,D_3__Candidatus Jorgensenbacteria,D_4__Candidatus Adlerbacteria bacterium GW2011_GWC1_50_9",1,1,1,1
"D_0__Bacteria,D_1__Proteobacteria,D_2__Gammaproteobacteria,D_3__JG36-TzT-191,D_4__uncultured bacterium",1,1,1,1
"D_0__Bacteria,D_1__Proteobacteria,D_2__Gammaproteobacteria,D_3__Betaproteobacteriales,Ambiguous_taxa",1,0,1,1
"D_0__Bacteria,D_1__Actinobacteria,D_2__Acidimicrobiia,D_3__Microtrichales,D_4__Iamiaceae",1,1,1,1
"D_0__Bacteria,D_1__Proteobacteria,D_2__Alphaproteobacteria,D_3__Rhizobiales,D_4__uncultured",1,1,1,1
"D_0__Bacteria,D_1__Actinobacteria,D_2__Actinobacteria,D_3__Streptomycetales,D_4__Streptomycetaceae",1,1,1,1
"D_0__Bacteria,D_1__Proteobacteria,D_2__Gammaproteobacteria,D_3__Steroidobacterales,D_4__Steroidobacteraceae",1,1,1,1
"D_0__Bacteria,D_1__Proteobacteria,D_2__Alphaproteobacteria,D_3__Rhizobiales,D_4__Hyphomicrobiaceae",1,1,1,1
"D_0__Bacteria,D_1__Chlamydiae,D_2__Chlamydiae,D_3__Chlamydiales,D_4__cvE6",1,1,1,1
"D_0__Bacteria,D_1__Bacteroidetes,D_2__Ignavibacteria,D_3__OPB56,D_4__uncultured bacterium KF-JG30-B11",1,1,1,1
"D_0__Bacteria,__,__,__,__",1,1,1,1
"D_0__Bacteria,D_1__Proteobacteria,D_2__Alphaproteobacteria,D_3__Azospirillales,D_4__Inquilinaceae",1,1,1,1
"D_0__Bacteria,D_1__Actinobacteria,D_2__Actinobacteria,D_3__Frankiales,__",1,1,1,1
"D_0__Bacteria,D_1__Chlamydiae,D_2__Chlamydiae,D_3__Chlamydiales,D_4__Parachlamydiaceae",1,1,1,1
"D_0__Bacteria,D_1__Proteobacteria,D_2__Alphaproteobacteria,D_3__Rhodospirillales,D_4__Rhodospirillaceae",1,1,1,1
"D_0__Bacteria,D_1__Actinobacteria,D_2__Actinobacteria,D_3__Kineosporiales,D_4__Kineosporiaceae",1,1,1,1
"D_0__Bacteria,D_1__Elusimicrobia,D_2__Lineage IIa,__,__",1,1,1,1
"D_0__Bacteria,D_1__Bacteroidetes,D_2__Bacteroidia,D_3__Chitinophagales,D_4__37-13",1,1,1,1
"D_0__Bacteria,D_1__Actinobacteria,D_2__Acidimicrobiia,D_3__Microtrichales,__",1,1,1,1
"D_0__Bacteria,D_1__Patescibacteria,D_2__Parcubacteria,D_3__Candidatus Adlerbacteria,D_4__metagenome",1,0,1,1
"D_0__Bacteria,D_1__Actinobacteria,D_2__Actinobacteria,D_3__Frankiales,D_4__Nakamurellaceae",1,1,1,1
"D_0__Bacteria,D_1__Acidobacteria,D_2__Subgroup 5,__,__",1,0,1,1
"D_0__Bacteria,D_1__Proteobacteria,D_2__Alphaproteobacteria,D_3__Rhizobiales,D_4__Labraceae",1,1,1,1
"D_0__Bacteria,D_1__Chloroflexi,D_2__KD4-96,Ambiguous_taxa,Ambiguous_taxa",1,1,1,1
"D_0__Bacteria,D_1__Proteobacteria,D_2__Gammaproteobacteria,D_3__KF-JG30-C25,D_4__uncultured gamma proteobacterium",1,0,1,1
"D_0__Bacteria,D_1__Verrucomicrobia,D_2__Verrucomicrobiae,D_3__Methylacidiphilales,D_4__Methylacidiphilaceae",1,1,1,1
"D_0__Bacteria,D_1__Dependentiae,D_2__Babeliae,D_3__Babeliales,D_4__Vermiphilaceae",1,1,1,1
"D_0__Bacteria,D_1__Bacteroidetes,D_2__Ignavibacteria,D_3__OPB56,D_4__uncultured bacterium",1,1,1,1
"D_0__Bacteria,D_1__Patescibacteria,D_2__Parcubacteria,D_3__Candidatus Azambacteria,D_4__uncultured bacterium",1,1,1,0
"D_0__Bacteria,D_1__Bacteroidetes,D_2__Bacteroidia,D_3__Sphingobacteriales,D_4__KD3-93",1,1,1,1
"D_0__Bacteria,D_1__Planctomycetes,D_2__Planctomycetacia,D_3__Planctomycetales,D_4__uncultured",1,1,1,1
"D_0__Bacteria,D_1__Bacteroidetes,D_2__Bacteroidia,D_3__Cytophagales,D_4__Cytophagaceae",1,1,1,1
"D_0__Bacteria,D_1__Acidobacteria,D_2__Blastocatellia (Subgroup 4),D_3__Pyrinomonadales,D_4__Pyrinomonadaceae",1,1,1,1
"D_0__Bacteria,D_1__Acidobacteria,D_2__Acidobacteriia,D_3__Subgroup 2,D_4__uncultured bacterium",1,1,1,1
"D_0__Bacteria,D_1__FCPU426,D_2__uncultured bacterium,D_3__uncultured bacterium,D_4__uncultured bacterium",1,1,1,1
"D_0__Bacteria,D_1__Chloroflexi,D_2__Ktedonobacteria,D_3__Ktedonobacterales,D_4__JG30-KF-AS9",1,1,1,1
"D_0__Bacteria,D_1__Planctomycetes,D_2__Phycisphaerae,D_3__Tepidisphaerales,D_4__CPla-3 termite group",1,1,1,1
"D_0__Bacteria,D_1__Actinobacteria,D_2__Actinobacteria,D_3__Frankiales,D_4__Sporichthyaceae",1,1,1,1
"D_0__Bacteria,D_1__Proteobacteria,D_2__Gammaproteobacteria,D_3__Enterobacteriales,D_4__Enterobacteriaceae",1,1,1,1
"D_0__Bacteria,D_1__Proteobacteria,D_2__Gammaproteobacteria,__,__",1,1,1,1
"D_0__Bacteria,D_1__Actinobacteria,D_2__Acidimicrobiia,D_3__Microtrichales,D_4__uncultured",1,1,1,1
"D_0__Bacteria,D_1__Proteobacteria,D_2__Deltaproteobacteria,D_3__Myxococcales,D_4__Archangiaceae",1,1,1,1
"D_0__Bacteria,D_1__Proteobacteria,D_2__Alphaproteobacteria,D_3__Elsterales,D_4__URHD0088",1,1,1,1
"D_0__Bacteria,D_1__Chloroflexi,D_2__TK10,Ambiguous_taxa,Ambiguous_taxa",1,1,1,1
"D_0__Bacteria,D_1__Chloroflexi,D_2__OLB14,D_3__uncultured bacterium,D_4__uncultured bacterium",1,0,1,1
"D_0__Bacteria,D_1__Proteobacteria,D_2__Deltaproteobacteria,D_3__Myxococcales,D_4__Phaselicystidaceae",1,1,1,1
"D_0__Bacteria,D_1__Elusimicrobia,D_2__Lineage IIa,D_3__uncultured bacterium,D_4__uncultured bacterium",1,1,1,1
"D_0__Bacteria,D_1__Proteobacteria,D_2__Deltaproteobacteria,D_3__Myxococcales,D_4__P3OB-42",1,1,1,1
"D_0__Bacteria,D_1__Actinobacteria,D_2__Thermoleophilia,D_3__Gaiellales,D_4__Gaiellaceae",1,1,1,1
"D_0__Bacteria,D_1__Elusimicrobia,D_2__Lineage IIb,D_3__uncultured bacterium,D_4__uncultured bacterium",1,0,1,1
"D_0__Bacteria,D_1__Patescibacteria,D_2__Parcubacteria,D_3__uncultured bacterium,D_4__uncultured bacterium",1,1,1,1
"D_0__Bacteria,D_1__Proteobacteria,D_2__Gammaproteobacteria,D_3__JG36-TzT-191,D_4__uncultured proteobacterium",1,1,1,1
"D_0__Bacteria,D_1__Proteobacteria,D_2__Gammaproteobacteria,D_3__Salinisphaerales,D_4__Solimonadaceae",1,1,1,1
"D_0__Bacteria,D_1__Verrucomicrobia,D_2__Verrucomicrobiae,D_3__Verrucomicrobiales,D_4__Verrucomicrobiaceae",1,1,1,1
"D_0__Bacteria,D_1__Proteobacteria,D_2__Gammaproteobacteria,D_3__R7C24,D_4__metagenome",1,1,1,1
"D_0__Bacteria,D_1__Actinobacteria,D_2__Acidimicrobiia,D_3__IMCC26256,D_4__metagenome",1,1,1,1
"D_0__Bacteria,D_1__Proteobacteria,D_2__Alphaproteobacteria,D_3__Micavibrionales,D_4__Micavibrionaceae",1,1,1,1
"D_0__Bacteria,D_1__Proteobacteria,D_2__Gammaproteobacteria,D_3__Betaproteobacteriales,__",1,1,1,1
"D_0__Bacteria,D_1__Proteobacteria,D_2__Alphaproteobacteria,D_3__Rhizobiales,D_4__Methyloligellaceae",1,1,1,1
"D_0__Bacteria,D_1__FBP,__,__,__",1,1,1,1
"D_0__Bacteria,D_1__Proteobacteria,D_2__Gammaproteobacteria,D_3__JG36-TzT-191,D_4__uncultured Xanthomonadales bacterium",1,0,1,1
"D_0__Bacteria,D_1__Proteobacteria,D_2__Alphaproteobacteria,D_3__Rhodobacterales,D_4__Rhodobacteraceae",1,1,1,1
"D_0__Bacteria,D_1__Acidobacteria,D_2__Acidobacteriia,D_3__Subgroup 13,D_4__uncultured Acidobacteria bacterium",1,1,1,1
"D_0__Bacteria,D_1__Actinobacteria,D_2__Acidimicrobiia,D_3__IMCC26256,D_4__uncultured Acidimicrobiales bacterium",1,1,1,1
"D_0__Bacteria,D_1__Proteobacteria,D_2__Alphaproteobacteria,D_3__Rhizobiales,__",1,1,1,1
"D_0__Bacteria,D_1__Chloroflexi,D_2__Ktedonobacteria,D_3__C0119,D_4__uncultured Chloroflexi bacterium",1,1,1,1
"D_0__Bacteria,D_1__Proteobacteria,D_2__Deltaproteobacteria,D_3__Myxococcales,D_4__mle1-27",1,1,1,1
"D_0__Bacteria,D_1__Acidobacteria,D_2__Subgroup 6,D_3__uncultured Acidobacteria bacterium,D_4__uncultured Acidobacteria bacterium",1,1,1,1
"D_0__Bacteria,D_1__Proteobacteria,D_2__Alphaproteobacteria,__,__",1,1,1,1
"D_0__Bacteria,D_1__Proteobacteria,D_2__Gammaproteobacteria,D_3__KF-JG30-C25,D_4__uncultured soil bacterium",1,0,1,1
"D_0__Bacteria,D_1__Proteobacteria,D_2__Deltaproteobacteria,D_3__Oligoflexales,D_4__Oligoflexaceae",1,1,1,1
"D_0__Bacteria,D_1__Patescibacteria,D_2__Saccharimonadia,D_3__Saccharimonadales,D_4__uncultured soil bacterium",1,1,1,1
"D_0__Bacteria,D_1__Proteobacteria,D_2__Alphaproteobacteria,D_3__Elsterales,D_4__Elsteraceae",1,1,1,1
"D_0__Bacteria,D_1__Patescibacteria,D_2__Saccharimonadia,D_3__Saccharimonadales,D_4__uncultured Candidatus Saccharibacteria bacterium",1,1,1,1
"D_0__Bacteria,D_1__Bacteroidetes,D_2__Bacteroidia,D_3__Sphingobacteriales,D_4__NS11-12 marine group",1,1,1,0
"D_0__Bacteria,D_1__Actinobacteria,D_2__Acidimicrobiia,D_3__IMCC26256,D_4__uncultured bacterium",1,1,1,1
"D_0__Bacteria,D_1__Chloroflexi,D_2__Chloroflexia,D_3__Chloroflexales,D_4__Roseiflexaceae",1,1,1,1
"D_0__Bacteria,D_1__Actinobacteria,D_2__Actinobacteria,D_3__Frankiales,D_4__uncultured",1,1,1,1
"D_0__Bacteria,D_1__Actinobacteria,D_2__Actinobacteria,D_3__Catenulisporales,D_4__Actinospicaceae",1,1,1,1
"D_0__Bacteria,D_1__FBP,D_2__uncultured bacterium,D_3__uncultured bacterium,D_4__uncultured bacterium",1,1,1,1
"D_0__Bacteria,D_1__Planctomycetes,D_2__vadinHA49,D_3__uncultured bacterium,D_4__uncultured bacterium",1,1,1,1
"D_0__Bacteria,D_1__Verrucomicrobia,D_2__Verrucomicrobiae,D_3__Verrucomicrobiales,D_4__Rubritaleaceae",1,1,1,1
"D_0__Bacteria,D_1__Patescibacteria,D_2__Parcubacteria,D_3__Candidatus Kaiserbacteria,D_4__metagenome",1,1,1,1
"D_0__Bacteria,D_1__Proteobacteria,D_2__Alphaproteobacteria,D_3__uncultured,__",1,1,1,1
"D_0__Bacteria,D_1__FBP,D_2__uncultured soil bacterium,D_3__uncultured soil bacterium,D_4__uncultured soil bacterium",1,0,1,1
"D_0__Bacteria,D_1__Proteobacteria,D_2__Gammaproteobacteria,D_3__JG36-TzT-191,__",1,0,1,1
"D_0__Bacteria,D_1__Actinobacteria,D_2__0319-7L14,D_3__uncultured bacterium,D_4__uncultured bacterium",1,0,1,1
"D_0__Bacteria,D_1__Chloroflexi,D_2__Dehalococcoidia,D_3__S085,D_4__metagenome",1,0,1,1
"D_0__Bacteria,D_1__Acidobacteria,D_2__Acidobacteriia,D_3__Subgroup 2,D_4__uncultured eubacterium WD298",1,0,1,0
"D_0__Bacteria,D_1__Proteobacteria,D_2__Deltaproteobacteria,D_3__Myxococcales,D_4__Blfdi19",1,1,1,1
"D_0__Bacteria,D_1__Nitrospirae,D_2__Nitrospira,D_3__Nitrospirales,D_4__Nitrospiraceae",1,1,1,0
"D_0__Bacteria,D_1__Elusimicrobia,D_2__Lineage IIa,D_3__uncultured soil bacterium,D_4__uncultured soil bacterium",1,1,1,1
"D_0__Bacteria,D_1__Acidobacteria,D_2__Acidobacteriia,D_3__Acidobacteriales,__",1,0,1,0
"D_0__Bacteria,D_1__Actinobacteria,D_2__Acidimicrobiia,D_3__IMCC26256,D_4__bacterium enrichment culture clone auto73_4W",1,0,1,1
"D_0__Bacteria,D_1__Actinobacteria,D_2__Acidimicrobiia,__,__",1,1,1,1
"D_0__Bacteria,D_1__Acidobacteria,D_2__Acidobacteriia,D_3__Subgroup 2,D_4__metagenome",1,0,1,1
"D_0__Bacteria,D_1__Proteobacteria,D_2__Deltaproteobacteria,D_3__SAR324 clade(Marine group B),D_4__uncultured bacterium",1,1,1,1
"D_0__Bacteria,D_1__Bacteroidetes,D_2__Bacteroidia,D_3__Chitinophagales,D_4__Saprospiraceae",1,1,1,1
"D_0__Bacteria,D_1__Proteobacteria,D_2__Deltaproteobacteria,D_3__Myxococcales,D_4__KD3-10",1,1,1,1
"D_0__Bacteria,D_1__WPS-2,D_2__uncultured Firmicutes bacterium,D_3__uncultured Firmicutes bacterium,D_4__uncultured Firmicutes bacterium",1,0,1,1
"D_0__Bacteria,D_1__Proteobacteria,D_2__Gammaproteobacteria,D_3__Betaproteobacteriales,D_4__Rhodocyclaceae",1,1,1,1
"D_0__Bacteria,D_1__Proteobacteria,D_2__Deltaproteobacteria,D_3__RCP2-54,D_4__uncultured bacterium",1,1,1,1
"D_0__Bacteria,D_1__Proteobacteria,D_2__Gammaproteobacteria,D_3__WD260,D_4__uncultured Steroidobacter sp.",1,0,1,0
"D_0__Bacteria,D_1__Acidobacteria,D_2__Subgroup 6,D_3__uncultured bacterium 259,D_4__uncultured bacterium 259",1,1,1,1
"D_0__Bacteria,D_1__Verrucomicrobia,D_2__Verrucomicrobiae,__,__",1,1,1,0
"D_0__Bacteria,D_1__Proteobacteria,D_2__Deltaproteobacteria,__,__",1,1,1,1
"D_0__Bacteria,D_1__Proteobacteria,D_2__Alphaproteobacteria,D_3__Micavibrionales,D_4__uncultured",1,1,1,1
"D_0__Bacteria,D_1__Acidobacteria,D_2__Subgroup 6,D_3__metagenome,D_4__metagenome",1,1,1,1
"D_0__Bacteria,D_1__Acidobacteria,D_2__Subgroup 5,D_3__uncultured Acidobacterium sp.,D_4__uncultured Acidobacterium sp.",1,0,1,0
"D_0__Bacteria,D_1__Proteobacteria,D_2__Deltaproteobacteria,D_3__Myxococcales,__",1,1,1,1
"D_0__Bacteria,D_1__Proteobacteria,D_2__Deltaproteobacteria,D_3__Desulfarculales,D_4__Desulfarculaceae",1,1,1,1
"D_0__Bacteria,D_1__Chloroflexi,D_2__KD4-96,__,__",1,1,1,1
"D_0__Bacteria,D_1__Patescibacteria,D_2__Parcubacteria,__,__",1,1,1,1
"D_0__Bacteria,D_1__Proteobacteria,D_2__Alphaproteobacteria,D_3__uncultured,D_4__uncultured Bradyrhizobiaceae bacterium",1,1,1,1
"D_0__Bacteria,D_1__Patescibacteria,D_2__Saccharimonadia,D_3__Saccharimonadales,D_4__Saccharimonadaceae",1,1,1,1
"D_0__Bacteria,D_1__Patescibacteria,D_2__Parcubacteria,D_3__Candidatus Kaiserbacteria,D_4__uncultured bacterium",1,1,1,1
"D_0__Bacteria,D_1__Fibrobacteres,D_2__Fibrobacteria,D_3__Fibrobacterales,D_4__Fibrobacteraceae",1,1,1,1
"D_0__Bacteria,D_1__Acidobacteria,D_2__Subgroup 5,D_3__uncultured Acidobacteria bacterium,D_4__uncultured Acidobacteria bacterium",1,0,1,0
"D_0__Bacteria,D_1__Acidobacteria,D_2__Subgroup 15,D_3__uncultured bacterium,D_4__uncultured bacterium",1,0,1,0
"D_0__Bacteria,D_1__Planctomycetes,D_2__vadinHA49,D_3__uncultured soil bacterium,D_4__uncultured soil bacterium",1,1,1,1
"D_0__Bacteria,D_1__Acidobacteria,D_2__Holophagae,D_3__Subgroup 7,D_4__freshwater sediment metagenome",1,0,1,0
"D_0__Bacteria,D_1__Acidobacteria,D_2__Acidobacteriia,D_3__Subgroup 2,D_4__uncultured Acidobacteria bacterium",1,1,1,0
"D_0__Bacteria,D_1__Chloroflexi,D_2__Anaerolineae,D_3__SBR1031,D_4__A4b",1,1,1,1
"D_0__Bacteria,D_1__Bacteroidetes,D_2__Bacteroidia,D_3__Flavobacteriales,D_4__NS9 marine group",1,1,1,1
"D_0__Bacteria,D_1__Patescibacteria,D_2__Parcubacteria,D_3__Candidatus Kaiserbacteria,D_4__Parcubacteria group bacterium CG1_02_50_68",1,0,1,0
"D_0__Bacteria,D_1__Actinobacteria,D_2__Acidimicrobiia,D_3__Microtrichales,D_4__Microtrichaceae",1,1,1,1
"D_0__Bacteria,D_1__Actinobacteria,D_2__Actinobacteria,D_3__Micrococcales,D_4__Micrococcaceae",1,1,1,1
"D_0__Bacteria,D_1__Planctomycetes,D_2__OM190,D_3__uncultured bacterium,D_4__uncultured bacterium",1,1,1,1
"D_0__Archaea,D_1__Thaumarchaeota,D_2__Nitrososphaeria,D_3__Nitrosotaleales,D_4__Nitrosotaleaceae",1,0,1,0
"D_0__Bacteria,D_1__Bacteroidetes,D_2__Bacteroidia,D_3__Cytophagales,D_4__Spirosomaceae",1,1,1,1
"D_0__Bacteria,D_1__Actinobacteria,D_2__Actinobacteria,D_3__Streptosporangiales,D_4__Thermomonosporaceae",1,1,1,1
"D_0__Bacteria,D_1__Planctomycetes,D_2__vadinHA49,__,__",1,1,1,1
"D_0__Bacteria,D_1__Patescibacteria,D_2__Parcubacteria,D_3__Candidatus Nomurabacteria,__",1,1,1,1
"D_0__Bacteria,D_1__Chloroflexi,D_2__AD3,D_3__uncultured Chloroflexi bacterium,D_4__uncultured Chloroflexi bacterium",1,0,1,1
"D_0__Bacteria,D_1__Bacteroidetes,D_2__Bacteroidia,D_3__Chitinophagales,__",1,1,1,1
"D_0__Bacteria,D_1__Actinobacteria,D_2__Actinobacteria,D_3__Corynebacteriales,D_4__Nocardiaceae",1,1,1,1
"D_0__Bacteria,D_1__FCPU426,D_2__metagenome,D_3__metagenome,D_4__metagenome",1,1,1,1
"D_0__Bacteria,D_1__FBP,D_2__metagenome,D_3__metagenome,D_4__metagenome",1,0,1,0
"D_0__Bacteria,D_1__Acidobacteria,D_2__Acidobacteriia,D_3__Subgroup 12,D_4__uncultured bacterium",1,0,1,1
"D_0__Bacteria,D_1__Planctomycetes,D_2__Phycisphaerae,D_3__Tepidisphaerales,D_4__Tepidisphaeraceae",1,1,1,1
"D_0__Bacteria,D_1__Verrucomicrobia,D_2__Verrucomicrobiae,D_3__uncultured,D_4__metagenome",1,1,1,0
"D_0__Bacteria,D_1__Verrucomicrobia,D_2__Verrucomicrobiae,D_3__Opitutales,D_4__Puniceicoccaceae",1,0,1,1
"D_0__Bacteria,D_1__Proteobacteria,D_2__Alphaproteobacteria,D_3__Rhizobiales,D_4__Rhodomicrobiaceae",1,0,1,1
"D_0__Bacteria,D_1__Proteobacteria,D_2__Gammaproteobacteria,D_3__Betaproteobacteriales,D_4__uncultured",1,1,1,1
"D_0__Bacteria,D_1__Chloroflexi,D_2__TK10,D_3__uncultured bacterium,D_4__uncultured bacterium",1,0,1,1
"D_0__Bacteria,D_1__Firmicutes,D_2__Bacilli,D_3__Bacillales,D_4__Planococcaceae",1,1,1,1
"D_0__Bacteria,D_1__Proteobacteria,D_2__Gammaproteobacteria,D_3__CCD24,__",1,1,1,1
"D_0__Bacteria,D_1__Acidobacteria,D_2__Acidobacteriia,D_3__Subgroup 13,__",1,0,1,1
"D_0__Bacteria,D_1__Actinobacteria,D_2__Acidimicrobiia,D_3__IMCC26256,D_4__uncultured Acidothermaceae bacterium",1,1,1,0
"D_0__Bacteria,D_1__Actinobacteria,D_2__MB-A2-108,D_3__uncultured bacterium,D_4__uncultured bacterium",1,0,1,0
"D_0__Bacteria,D_1__Actinobacteria,D_2__Acidimicrobiia,D_3__IMCC26256,D_4__uncultured Aciditerrimonas sp.",1,1,1,1
"D_0__Bacteria,D_1__Proteobacteria,D_2__Alphaproteobacteria,D_3__Paracaedibacterales,D_4__Paracaedibacteraceae",1,1,1,1
"D_0__Bacteria,D_1__Proteobacteria,D_2__Alphaproteobacteria,D_3__Rickettsiales,D_4__Rickettsiaceae",1,1,1,1
"D_0__Bacteria,D_1__Proteobacteria,D_2__Deltaproteobacteria,D_3__Myxococcales,D_4__bacteriap25",1,1,1,1
"D_0__Bacteria,D_1__Patescibacteria,D_2__Parcubacteria,D_3__Candidatus Nomurabacteria,D_4__uncultured soil bacterium",1,1,1,0
"D_0__Bacteria,D_1__Proteobacteria,D_2__Gammaproteobacteria,D_3__Legionellales,D_4__Legionellaceae",1,1,1,1
"D_0__Bacteria,D_1__Actinobacteria,D_2__Acidimicrobiia,D_3__uncultured,D_4__metagenome",1,0,1,1
"D_0__Bacteria,D_1__Proteobacteria,D_2__Gammaproteobacteria,D_3__CCD24,D_4__metagenome",1,0,1,0
"D_0__Bacteria,D_1__Patescibacteria,D_2__Saccharimonadia,D_3__Saccharimonadales,D_4__bacterium LWQ8",1,1,1,1
"D_0__Bacteria,D_1__Chloroflexi,D_2__TK10,__,__",1,0,1,1
"D_0__Bacteria,D_1__Proteobacteria,D_2__Alphaproteobacteria,D_3__Elsterales,__",1,1,1,1
"D_0__Bacteria,D_1__Spirochaetes,D_2__Spirochaetia,D_3__Spirochaetales,D_4__Spirochaetaceae",1,1,1,1
"D_0__Bacteria,D_1__Chloroflexi,D_2__JG30-KF-CM66,D_3__uncultured bacterium,D_4__uncultured bacterium",1,0,1,0
"D_0__Bacteria,D_1__Planctomycetes,D_2__BD7-11,D_3__uncultured bacterium,D_4__uncultured bacterium",1,0,1,1
"D_0__Bacteria,D_1__Actinobacteria,D_2__Thermoleophilia,D_3__Solirubrobacterales,__",1,0,1,0
"D_0__Bacteria,D_1__Proteobacteria,D_2__Alphaproteobacteria,D_3__Sneathiellales,D_4__Sneathiellaceae",1,1,1,1
"D_0__Bacteria,D_1__Acidobacteria,D_2__Subgroup 6,D_3__unidentified,D_4__unidentified",1,1,1,1
"D_0__Bacteria,D_1__Proteobacteria,D_2__Gammaproteobacteria,D_3__Coxiellales,D_4__Coxiellaceae",1,1,1,1
"D_0__Bacteria,D_1__Actinobacteria,D_2__MB-A2-108,__,__",1,0,1,0
"D_0__Bacteria,D_1__Actinobacteria,D_2__Thermoleophilia,D_3__Gaiellales,__",1,1,1,0
"D_0__Bacteria,D_1__Proteobacteria,D_2__Gammaproteobacteria,D_3__Betaproteobacteriales,D_4__Neisseriaceae",1,1,1,1
"D_0__Bacteria,D_1__Elusimicrobia,D_2__Elusimicrobia,D_3__Lineage IV,D_4__uncultured Termite group 1 bacterium",1,0,1,1
"D_0__Bacteria,D_1__Actinobacteria,D_2__Actinobacteria,D_3__Propionibacteriales,D_4__Propionibacteriaceae",1,1,1,1
"D_0__Bacteria,D_1__Planctomycetes,D_2__vadinHA49,D_3__uncultured Antarctic bacterium LB3-13,D_4__uncultured Antarctic bacterium LB3-13",1,0,1,0
"D_0__Bacteria,D_1__Acidobacteria,D_2__Subgroup 5,D_3__uncultured Holophaga sp.,D_4__uncultured Holophaga sp.",1,0,1,0
"D_0__Bacteria,D_1__Chloroflexi,D_2__OLB14,__,__",1,1,1,1
"D_0__Bacteria,D_1__Actinobacteria,D_2__Actinobacteria,D_3__Micrococcales,D_4__Cellulomonadaceae",1,1,1,0
"D_0__Bacteria,D_1__FCPU426,__,__,__",1,1,1,0
"D_0__Bacteria,D_1__Planctomycetes,D_2__OM190,D_3__uncultured soil bacterium,D_4__uncultured soil bacterium",1,1,1,1
"D_0__Bacteria,D_1__Acidobacteria,D_2__Subgroup 6,D_3__uncultured Anaeromyxobacter sp.,D_4__uncultured Anaeromyxobacter sp.",1,1,1,0
"D_0__Bacteria,D_1__Verrucomicrobia,D_2__Verrucomicrobiae,D_3__S-BQ2-57 soil group,D_4__uncultured Verrucomicrobia bacterium",1,1,1,1
"D_0__Bacteria,D_1__Planctomycetes,D_2__Pla4 lineage,D_3__metagenome,D_4__metagenome",1,1,1,0
"D_0__Bacteria,D_1__Chlamydiae,D_2__Chlamydiae,D_3__Chlamydiales,__",1,1,1,1
"D_0__Bacteria,D_1__Armatimonadetes,D_2__Chthonomonadetes,D_3__Chthonomonadales,D_4__Chthonomonadaceae",1,1,1,1
"D_0__Bacteria,D_1__Chloroflexi,D_2__KD4-96,D_3__uncultured bacterium,D_4__uncultured bacterium",1,1,1,0
"D_0__Bacteria,D_1__Acidobacteria,D_2__Subgroup 17,__,__",1,1,1,1
"D_0__Bacteria,D_1__Chloroflexi,D_2__JG30-KF-CM66,D_3__uncultured soil bacterium,D_4__uncultured soil bacterium",1,0,1,0
"D_0__Bacteria,D_1__Bacteroidetes,D_2__Ignavibacteria,D_3__OPB56,D_4__uncultured bacterium #0319-6E22",1,0,1,0
"D_0__Bacteria,D_1__Gemmatimonadetes,D_2__S0134 terrestrial group,__,__",1,0,1,1
"D_0__Bacteria,D_1__Cyanobacteria,D_2__Melainabacteria,D_3__Obscuribacterales,D_4__uncultured bacterium",1,0,1,1
"D_0__Bacteria,D_1__Chloroflexi,D_2__Anaerolineae,D_3__uncultured Bellilinea sp.,D_4__uncultured Bellilinea sp.",1,0,1,0
"D_0__Bacteria,D_1__BRC1,D_2__uncultured bacterium,D_3__uncultured bacterium,D_4__uncultured bacterium",1,0,1,0
"D_0__Bacteria,D_1__Chloroflexi,D_2__JG30-KF-CM66,__,__",1,0,1,0
"D_0__Bacteria,D_1__Proteobacteria,D_2__Deltaproteobacteria,D_3__RCP2-54,__",1,1,1,1
"D_0__Bacteria,D_1__Bacteroidetes,D_2__Ignavibacteria,D_3__OPB56,__",1,1,1,0
"D_0__Bacteria,D_1__Patescibacteria,D_2__Parcubacteria,D_3__Candidatus Nomurabacteria,D_4__uncultured bacterium",1,1,1,0
"D_0__Bacteria,D_1__Chloroflexi,D_2__KD4-96,D_3__uncultured Chloroflexi bacterium,D_4__uncultured Chloroflexi bacterium",1,0,1,1
"D_0__Bacteria,D_1__Elusimicrobia,D_2__Lineage IIa,D_3__metagenome,D_4__metagenome",1,1,1,0
"D_0__Bacteria,D_1__Chloroflexi,D_2__OLB14,D_3__metagenome,D_4__metagenome",1,1,1,1
"D_0__Bacteria,D_1__Acidobacteria,D_2__Subgroup 17,D_3__metagenome,D_4__metagenome",1,0,1,0
"D_0__Bacteria,D_1__Chloroflexi,D_2__JG30-KF-CM66,D_3__uncultured Caldilinea sp.,D_4__uncultured Caldilinea sp.",1,0,1,0
"D_0__Bacteria,D_1__Armatimonadetes,D_2__Armatimonadia,D_3__Armatimonadales,D_4__uncultured Chloroflexi bacterium",1,1,1,1
"D_0__Bacteria,D_1__Actinobacteria,D_2__MB-A2-108,D_3__uncultured actinobacterium,D_4__uncultured actinobacterium",1,0,1,1
"D_0__Bacteria,D_1__Chloroflexi,D_2__Ktedonobacteria,D_3__C0119,D_4__uncultured bacterium",1,1,1,1
"D_0__Bacteria,D_1__Planctomycetes,D_2__Pla4 lineage,Ambiguous_taxa,Ambiguous_taxa",1,0,1,0
"D_0__Bacteria,D_1__Patescibacteria,D_2__Gracilibacteria,D_3__Candidatus Peregrinibacteria,D_4__metagenome",1,0,1,0
"D_0__Bacteria,D_1__Proteobacteria,D_2__Deltaproteobacteria,D_3__RCP2-54,D_4__uncultured delta proteobacterium",1,0,1,1
"D_0__Bacteria,D_1__Proteobacteria,D_2__Alphaproteobacteria,D_3__Rhodospirillales,D_4__Magnetospirillaceae",1,1,1,1
"D_0__Bacteria,D_1__Elusimicrobia,D_2__Elusimicrobia,D_3__MVP-88,D_4__uncultured bacterium",1,1,1,1
"D_0__Bacteria,D_1__Acidobacteria,D_2__Holophagae,D_3__Subgroup 7,D_4__uncultured bacterium",1,1,1,0
"D_0__Bacteria,D_1__Proteobacteria,D_2__Gammaproteobacteria,D_3__PLTA13,Ambiguous_taxa",1,0,1,0
"D_0__Bacteria,D_1__Proteobacteria,D_2__Gammaproteobacteria,D_3__R7C24,__",1,1,1,1
"D_0__Bacteria,D_1__Patescibacteria,D_2__Saccharimonadia,D_3__Saccharimonadales,D_4__Saccharum hybrid cultivar",1,1,1,1
"D_0__Bacteria,D_1__Planctomycetes,D_2__OM190,Ambiguous_taxa,Ambiguous_taxa",1,0,1,0
"D_0__Bacteria,D_1__Planctomycetes,D_2__Planctomycetacia,D_3__Planctomycetales,D_4__Gimesiaceae",1,1,1,0
"D_0__Bacteria,D_1__Bacteroidetes,D_2__Ignavibacteria,D_3__SJA-28,__",1,0,1,0
"D_0__Bacteria,D_1__Bacteroidetes,D_2__Bacteroidia,D_3__Sphingobacteriales,__",1,0,1,0
"D_0__Bacteria,D_1__Actinobacteria,D_2__Acidimicrobiia,D_3__IMCC26256,D_4__uncultured actinobacterium",1,0,1,1
"D_0__Bacteria,D_1__Proteobacteria,D_2__Alphaproteobacteria,D_3__uncultured,Ambiguous_taxa",1,0,1,1
"D_0__Bacteria,D_1__Proteobacteria,D_2__Deltaproteobacteria,D_3__Myxococcales,D_4__Nannocystaceae",1,1,1,0
"D_0__Bacteria,D_1__Proteobacteria,D_2__Deltaproteobacteria,D_3__Myxococcales,D_4__27F-1492R",1,0,1,0
"D_0__Bacteria,D_1__Actinobacteria,D_2__Acidimicrobiia,D_3__uncultured,D_4__uncultured Actinomycetales bacterium",1,0,1,1
"D_0__Bacteria,D_1__Proteobacteria,D_2__Alphaproteobacteria,D_3__uncultured,D_4__uncultured bacterium",1,1,1,0
"D_0__Bacteria,D_1__Proteobacteria,D_2__Gammaproteobacteria,D_3__Betaproteobacteriales,D_4__B1-7BS",1,0,1,1
"D_0__Bacteria,D_1__Chloroflexi,D_2__Ktedonobacteria,D_3__B12-WMSP1,D_4__uncultured bacterium",1,0,1,1
"D_0__Bacteria,D_1__Proteobacteria,D_2__Alphaproteobacteria,D_3__uncultured,D_4__metagenome",1,1,1,1
"D_0__Bacteria,D_1__Chloroflexi,D_2__AD3,__,__",1,0,1,1
"D_0__Bacteria,D_1__Proteobacteria,D_2__Gammaproteobacteria,D_3__Betaproteobacteriales,D_4__Methylophilaceae",1,1,1,1
"D_0__Bacteria,D_1__Patescibacteria,D_2__ABY1,D_3__Candidatus Magasanikbacteria,D_4__uncultured bacterium",1,0,1,1
"D_0__Bacteria,D_1__Verrucomicrobia,D_2__Verrucomicrobiae,D_3__Chthoniobacterales,D_4__Terrimicrobiaceae",1,1,1,1
"D_0__Bacteria,D_1__Proteobacteria,D_2__Gammaproteobacteria,D_3__KI89A clade,D_4__uncultured bacterium",1,1,1,0
"D_0__Bacteria,D_1__Proteobacteria,D_2__Alphaproteobacteria,D_3__Rhodospirillales,D_4__Magnetospiraceae",1,1,1,1
"D_0__Bacteria,D_1__Chloroflexi,D_2__Dehalococcoidia,D_3__S085,__",1,0,1,1
"D_0__Bacteria,D_1__Chloroflexi,D_2__Dehalococcoidia,D_3__S085,D_4__uncultured bacterium",1,1,1,0
"D_0__Bacteria,D_1__Cyanobacteria,D_2__Melainabacteria,D_3__Obscuribacterales,D_4__metagenome",1,1,1,1
"D_0__Bacteria,D_1__Verrucomicrobia,D_2__Verrucomicrobiae,D_3__S-BQ2-57 soil group,D_4__metagenome",1,0,1,0
"D_0__Bacteria,D_1__Patescibacteria,D_2__Parcubacteria,D_3__Candidatus Zambryskibacteria,__",1,0,1,0
"D_0__Bacteria,D_1__Actinobacteria,D_2__Actinobacteria,D_3__Frankiales,D_4__Cryptosporangiaceae",1,1,1,1
"D_0__Bacteria,D_1__WPS-2,__,__,__",1,0,1,0
"D_0__Bacteria,D_1__Planctomycetes,D_2__OM190,D_3__planctomycete A-2,D_4__planctomycete A-2",1,1,1,0
"D_0__Bacteria,D_1__Acidobacteria,D_2__Subgroup 6,D_3__uncultured microorganism,D_4__uncultured microorganism",1,0,1,0
"D_0__Bacteria,D_1__Elusimicrobia,D_2__Lineage IIa,D_3__uncultured actinobacterium,D_4__uncultured actinobacterium",1,0,1,0
"D_0__Bacteria,D_1__Bacteroidetes,D_2__Bacteroidia,D_3__Sphingobacteriales,D_4__LiUU-11-161",1,1,1,0
"D_0__Bacteria,D_1__Proteobacteria,D_2__Alphaproteobacteria,D_3__uncultured,D_4__uncultured Rhodospirillaceae bacterium",1,0,1,1
"D_0__Bacteria,D_1__Proteobacteria,D_2__Gammaproteobacteria,D_3__uncultured,D_4__uncultured bacterium",1,1,1,1
"D_0__Bacteria,D_1__Dependentiae,D_2__Babeliae,D_3__Babeliales,D_4__uncultured bacterium",1,1,1,1
"D_0__Bacteria,D_1__Proteobacteria,D_2__Gammaproteobacteria,D_3__Cellvibrionales,D_4__Cellvibrionaceae",1,1,1,1
"D_0__Bacteria,D_1__Patescibacteria,D_2__ABY1,D_3__Candidatus Kerfeldbacteria,D_4__uncultured bacterium",1,0,1,0
"D_0__Bacteria,D_1__Actinobacteria,D_2__Acidimicrobiia,D_3__IMCC26256,D_4__uncultured thermal soil bacterium",1,0,1,0
"D_0__Bacteria,D_1__Actinobacteria,D_2__Actinobacteria,D_3__Frankiales,D_4__Geodermatophilaceae",1,1,1,0
"D_0__Bacteria,D_1__Proteobacteria,D_2__Deltaproteobacteria,D_3__MBNT15,D_4__uncultured bacterium",1,1,1,1
"D_0__Bacteria,D_1__Proteobacteria,D_2__Gammaproteobacteria,D_3__R7C24,D_4__uncultured gamma proteobacterium",1,0,1,1
"D_0__Bacteria,D_1__Chloroflexi,__,__,__",1,1,1,1
"D_0__Bacteria,D_1__Acidobacteria,D_2__Acidobacteriia,D_3__Subgroup 13,D_4__uncultured bacterium",1,0,1,0
"D_0__Bacteria,D_1__Latescibacteria,__,__,__",1,0,1,0
"D_0__Bacteria,D_1__Cyanobacteria,D_2__Melainabacteria,D_3__Obscuribacterales,Ambiguous_taxa",1,1,1,0
"D_0__Bacteria,D_1__Chloroflexi,D_2__Chloroflexia,D_3__Kallotenuales,D_4__AKIW781",1,1,1,0
"D_0__Bacteria,D_1__Chloroflexi,D_2__TK10,D_3__uncultured Chloroflexus sp.,D_4__uncultured Chloroflexus sp.",1,1,1,0
"D_0__Bacteria,D_1__Proteobacteria,D_2__Deltaproteobacteria,D_3__RCP2-54,D_4__uncultured Syntrophobacterales bacterium",1,0,1,0
"D_0__Bacteria,D_1__Chloroflexi,D_2__Chloroflexia,D_3__Thermomicrobiales,D_4__JG30-KF-CM45",1,1,1,1
"Unassigned,__,__,__,__",1,1,1,1
"D_0__Bacteria,D_1__Chloroflexi,D_2__JG30-KF-CM66,D_3__metagenome,D_4__metagenome",1,0,1,0
"D_0__Bacteria,D_1__Proteobacteria,D_2__Alphaproteobacteria,D_3__Acetobacterales,D_4__Acetobacterales Incertae Sedis",1,1,1,1
"D_0__Bacteria,D_1__Proteobacteria,D_2__Alphaproteobacteria,D_3__Rickettsiales,D_4__Midichloriaceae",1,1,1,0
"D_0__Bacteria,D_1__Planctomycetes,D_2__vadinHA49,D_3__bacterium UW 659-2-F09,D_4__bacterium UW 659-2-F09",1,0,1,0
"D_0__Bacteria,D_1__FBP,D_2__uncultured Carnobacterium sp.,D_3__uncultured Carnobacterium sp.,D_4__uncultured Carnobacterium sp.",1,0,1,0
"D_0__Bacteria,D_1__Bacteroidetes,D_2__Ignavibacteria,D_3__SJA-28,D_4__uncultured bacterium",1,1,1,0
"D_0__Bacteria,D_1__Bacteroidetes,D_2__Bacteroidia,D_3__Bacteroidales,D_4__Dysgonomonadaceae",1,0,1,0
"D_0__Bacteria,D_1__Acidobacteria,D_2__Subgroup 6,D_3__uncultivated soil bacterium clone C112,D_4__uncultivated soil bacterium clone C112",1,0,1,0
"D_0__Bacteria,D_1__Acidobacteria,D_2__Acidobacteriia,D_3__Subgroup 2,D_4__bacterium enrichment culture clone heteroC52_4W",1,0,1,0
"D_0__Bacteria,D_1__Elusimicrobia,D_2__Lineage IIa,D_3__actinobacterium YJF1-30,D_4__actinobacterium YJF1-30",1,0,1,0
"D_0__Bacteria,D_1__Actinobacteria,D_2__Actinobacteria,D_3__Glycomycetales,D_4__Glycomycetaceae",1,0,1,1
"D_0__Bacteria,D_1__Acidobacteria,D_2__Blastocatellia (Subgroup 4),D_3__11-24,D_4__uncultured bacterium",1,1,1,0
"D_0__Bacteria,D_1__Proteobacteria,D_2__Gammaproteobacteria,D_3__Cellvibrionales,D_4__Halieaceae",1,0,1,0
"D_0__Bacteria,D_1__Proteobacteria,D_2__Gammaproteobacteria,D_3__PLTA13,D_4__metagenome",1,1,1,0
"D_0__Bacteria,D_1__Dependentiae,D_2__Babeliae,D_3__Babeliales,__",1,1,1,1
"D_0__Bacteria,D_1__Proteobacteria,D_2__Alphaproteobacteria,D_3__Azospirillales,D_4__Azospirillaceae",1,1,1,1
"D_0__Bacteria,D_1__Acidobacteria,D_2__Holophagae,D_3__Subgroup 7,D_4__uncultured proteobacterium",1,1,1,0
"D_0__Bacteria,D_1__Elusimicrobia,D_2__Lineage IIb,D_3__uncultured soil bacterium,D_4__uncultured soil bacterium",1,0,1,0
"D_0__Bacteria,D_1__WPS-2,D_2__metagenome,D_3__metagenome,D_4__metagenome",1,1,1,0
"D_0__Bacteria,D_1__Proteobacteria,D_2__Gammaproteobacteria,D_3__Oceanospirillales,D_4__Pseudohongiellaceae",1,0,1,0
"D_0__Bacteria,D_1__Bacteroidetes,D_2__Ignavibacteria,D_3__OPB56,D_4__metagenome",1,1,1,0
"D_0__Bacteria,D_1__Actinobacteria,D_2__Acidimicrobiia,D_3__Acidimicrobiales,D_4__Acidimicrobiaceae",1,0,1,1
"D_0__Bacteria,D_1__Proteobacteria,D_2__Deltaproteobacteria,D_3__SAR324 clade(Marine group B),D_4__metagenome",1,0,1,0
"D_0__Bacteria,D_1__Proteobacteria,D_2__Deltaproteobacteria,D_3__Myxococcales,D_4__VHS-B3-70",1,0,1,0
"D_0__Bacteria,D_1__Patescibacteria,D_2__Saccharimonadia,D_3__Saccharimonadales,D_4__soil bacterium WF55",1,0,1,1
"D_0__Bacteria,D_1__Actinobacteria,D_2__Actinobacteria,D_3__Micrococcales,D_4__Demequinaceae",1,0,1,1
"D_0__Bacteria,D_1__Planctomycetes,D_2__OM190,D_3__metagenome,D_4__metagenome",1,0,1,0
"D_0__Bacteria,D_1__Actinobacteria,D_2__Actinobacteria,__,__",1,0,1,1
"D_0__Bacteria,D_1__Armatimonadetes,D_2__Armatimonadia,D_3__Armatimonadales,D_4__uncultured bacterium",1,1,1,1
"D_0__Bacteria,D_1__Acidobacteria,D_2__Subgroup 22,D_3__uncultured proteobacterium,D_4__uncultured proteobacterium",1,0,1,1
"D_0__Bacteria,D_1__Actinobacteria,D_2__Acidimicrobiia,D_3__IMCC26256,D_4__actinobacterium BGR 88",1,0,1,1
"D_0__Bacteria,D_1__Patescibacteria,D_2__ABY1,D_3__Candidatus Uhrbacteria,__",1,0,1,0
"D_0__Bacteria,D_1__Acidobacteria,D_2__Subgroup 6,D_3__uncultured Acidobacteriales bacterium,D_4__uncultured Acidobacteriales bacterium",1,0,1,0
"D_0__Bacteria,D_1__Patescibacteria,D_2__Parcubacteria,D_3__Candidatus Adlerbacteria,__",1,1,1,1
"D_0__Bacteria,D_1__Proteobacteria,D_2__Alphaproteobacteria,D_3__Parvibaculales,D_4__Parvibaculaceae",1,1,1,1
"D_0__Bacteria,D_1__Planctomycetes,D_2__vadinHA49,D_3__uncultured Planctomycetales bacterium,D_4__uncultured Planctomycetales bacterium",1,0,1,0
"D_0__Bacteria,D_1__Proteobacteria,D_2__Alphaproteobacteria,D_3__Holosporales,D_4__Holosporaceae",1,1,1,1
"D_0__Bacteria,D_1__Firmicutes,D_2__Bacilli,D_3__Bacillales,D_4__Paenibacillaceae",1,0,1,1
"D_0__Bacteria,D_1__Proteobacteria,D_2__Gammaproteobacteria,D_3__CCD24,D_4__uncultured bacterium",1,1,1,1
"D_0__Bacteria,D_1__Chloroflexi,D_2__JG30-KF-CM66,Ambiguous_taxa,Ambiguous_taxa",1,0,1,0
"D_0__Bacteria,D_1__Acidobacteria,D_2__Subgroup 6,D_3__uncultured Geothrix sp.,D_4__uncultured Geothrix sp.",1,0,1,0
"D_0__Bacteria,D_1__Bacteroidetes,D_2__Bacteroidia,__,__",1,1,1,0
"D_0__Bacteria,D_1__Chloroflexi,D_2__Chloroflexia,D_3__Thermomicrobiales,D_4__Thermomicrobiaceae",1,0,1,0
"D_0__Bacteria,D_1__Chloroflexi,D_2__Gitt-GS-136,Ambiguous_taxa,Ambiguous_taxa",1,0,1,0
"D_0__Bacteria,D_1__Acidobacteria,D_2__Subgroup 6,D_3__uncultured Holophagae bacterium,D_4__uncultured Holophagae bacterium",1,0,1,0
"D_0__Bacteria,D_1__Proteobacteria,D_2__Gammaproteobacteria,D_3__Betaproteobacteriales,D_4__Gallionellaceae",1,0,1,1
"D_0__Bacteria,D_1__Patescibacteria,D_2__Parcubacteria,D_3__Candidatus Kaiserbacteria,D_4__uncultured Parcubacteria group bacterium",1,0,1,0
"D_0__Bacteria,D_1__Firmicutes,D_2__Clostridia,D_3__Clostridiales,D_4__Clostridiaceae 1",1,1,1,1
"D_0__Bacteria,D_1__Patescibacteria,D_2__Saccharimonadia,D_3__Saccharimonadales,D_4__metagenome",1,1,1,0
"D_0__Bacteria,D_1__Proteobacteria,D_2__Deltaproteobacteria,D_3__MBNT15,__",1,0,1,0
"D_0__Bacteria,D_1__Actinobacteria,D_2__Actinobacteria,D_3__Catenulisporales,D_4__Catenulisporaceae",1,1,1,1
"D_0__Bacteria,D_1__Chloroflexi,D_2__Anaerolineae,D_3__Caldilineales,D_4__Caldilineaceae",1,0,1,1
"D_0__Bacteria,D_1__Firmicutes,D_2__Erysipelotrichia,D_3__Erysipelotrichales,D_4__Erysipelotrichaceae",1,0,1,1
"D_0__Bacteria,D_1__Acidobacteria,D_2__Subgroup 5,D_3__metagenome,D_4__metagenome",1,0,1,0
"D_0__Bacteria,D_1__Acidobacteria,D_2__Subgroup 22,D_3__uncultured bacterium,D_4__uncultured bacterium",1,0,1,1
"D_0__Archaea,D_1__Thaumarchaeota,D_2__Group 1.1c,D_3__uncultured crenarchaeote,D_4__uncultured crenarchaeote",1,0,1,0
"D_0__Bacteria,D_1__Actinobacteria,D_2__Acidimicrobiia,D_3__uncultured,D_4__uncultured Iamia sp.",1,0,1,0
"D_0__Bacteria,D_1__Kiritimatiellaeota,D_2__Kiritimatiellae,D_3__WCHB1-41,D_4__uncultured verrucomicrobium DEV045",1,0,1,0
"D_0__Bacteria,D_1__Bacteroidetes,D_2__Bacteroidia,D_3__Flavobacteriales,D_4__Crocinitomicaceae",1,1,1,0
"D_0__Bacteria,D_1__Proteobacteria,D_2__Gammaproteobacteria,D_3__Xanthomonadales,__",1,0,1,0
"D_0__Bacteria,D_1__Dependentiae,D_2__Babeliae,D_3__Babeliales,D_4__UBA12409",1,1,1,1
"D_0__Bacteria,D_1__Cyanobacteria,D_2__Sericytochromatia,D_3__uncultured bacterium,D_4__uncultured bacterium",1,0,1,1
"D_0__Bacteria,D_1__Patescibacteria,D_2__Gracilibacteria,D_3__Absconditabacteriales (SR1),D_4__uncultured candidate division SR1 bacterium",1,0,1,0
"D_0__Bacteria,D_1__Proteobacteria,D_2__Alphaproteobacteria,D_3__Rickettsiales,D_4__SM1B06",1,0,1,0
"D_0__Bacteria,D_1__Proteobacteria,D_2__Deltaproteobacteria,D_3__Myxococcales,D_4__MSB-4B10",1,0,1,1
"D_0__Bacteria,D_1__Chloroflexi,D_2__Anaerolineae,D_3__Anaerolineales,D_4__Anaerolineaceae",1,0,1,1
"D_0__Bacteria,D_1__Patescibacteria,D_2__Parcubacteria,D_3__Candidatus Staskawiczbacteria,D_4__uncultured soil bacterium",1,0,1,0
"D_0__Bacteria,D_1__Actinobacteria,D_2__Actinobacteria,D_3__Micrococcales,D_4__Intrasporangiaceae",1,1,1,1
"D_0__Bacteria,D_1__Patescibacteria,D_2__Parcubacteria,D_3__GWA2-38-13b,D_4__uncultured bacterium",1,0,1,0
"D_0__Bacteria,D_1__Proteobacteria,D_2__Deltaproteobacteria,Ambiguous_taxa,Ambiguous_taxa",1,0,1,0
"D_0__Bacteria,D_1__Patescibacteria,D_2__Parcubacteria,D_3__Candidatus Yanofskybacteria,D_4__Candidatus Yanofskybacteria bacterium RIFCSPHIGHO2_02_FULL_46_19",1,0,1,0
"D_0__Bacteria,D_1__Patescibacteria,D_2__Parcubacteria,D_3__uncultured soil bacterium,D_4__uncultured soil bacterium",1,0,1,0
"D_0__Bacteria,D_1__Bacteroidetes,D_2__Bacteroidia,D_3__Cytophagales,D_4__Hymenobacteraceae",1,1,1,1
"D_0__Bacteria,D_1__Bacteroidetes,D_2__Bacteroidia,D_3__Sphingobacteriales,D_4__S15-21",1,0,1,0
"D_0__Bacteria,D_1__Bacteroidetes,D_2__Ignavibacteria,D_3__SJA-28,D_4__uncultured Chlorobi bacterium",1,0,1,0
"D_0__Bacteria,D_1__FBP,D_2__bacterium LY17,D_3__bacterium LY17,D_4__bacterium LY17",1,0,1,1
"D_0__Bacteria,D_1__Acidobacteria,D_2__Subgroup 17,D_3__uncultured Acidobacteria bacterium,D_4__uncultured Acidobacteria bacterium",1,0,1,0
"D_0__Bacteria,D_1__Actinobacteria,D_2__Acidimicrobiia,D_3__IMCC26256,D_4__uncultured Acidimicrobidae bacterium",1,1,1,0
"D_0__Bacteria,D_1__Gemmatimonadetes,D_2__Longimicrobia,D_3__Longimicrobiales,D_4__Longimicrobiaceae",1,0,1,0
"D_0__Bacteria,D_1__Elusimicrobia,D_2__Elusimicrobia,D_3__Lineage IV,D_4__uncultured bacterium",1,0,1,0
"D_0__Bacteria,D_1__Patescibacteria,D_2__Gracilibacteria,D_3__Absconditabacteriales (SR1),D_4__metagenome",1,0,1,0
"D_0__Bacteria,D_1__Patescibacteria,D_2__Gracilibacteria,D_3__uncultured bacterium,D_4__uncultured bacterium",1,0,1,0
"D_0__Bacteria,D_1__Acidobacteria,D_2__Blastocatellia (Subgroup 4),D_3__11-24,Ambiguous_taxa",1,0,1,1
"D_0__Bacteria,D_1__Patescibacteria,D_2__Parcubacteria,D_3__Candidatus Nomurabacteria,D_4__uncultured Parcubacteria group bacterium",1,0,1,0
"D_0__Bacteria,D_1__Actinobacteria,D_2__Acidimicrobiia,D_3__uncultured,D_4__uncultured bacterium",1,1,1,0
"D_0__Bacteria,D_1__Spirochaetes,D_2__Leptospirae,D_3__Leptospirales,D_4__Leptospiraceae",1,1,1,0
"D_0__Bacteria,D_1__Planctomycetes,D_2__Pla4 lineage,__,__",1,0,1,1
"D_0__Bacteria,D_1__Proteobacteria,D_2__Deltaproteobacteria,D_3__Bdellovibrionales,D_4__Bacteriovoracaceae",1,1,1,1
"D_0__Bacteria,D_1__Proteobacteria,D_2__Gammaproteobacteria,D_3__Pseudomonadales,D_4__Moraxellaceae",1,1,1,1
"D_0__Bacteria,D_1__Proteobacteria,D_2__Alphaproteobacteria,D_3__Tistrellales,D_4__Geminicoccaceae",1,1,1,1
"D_0__Bacteria,D_1__Planctomycetes,D_2__OM190,__,__",1,1,1,0
"D_0__Bacteria,D_1__Proteobacteria,D_2__Alphaproteobacteria,D_3__Azospirillales,D_4__uncultured",1,0,1,0
"D_0__Bacteria,D_1__Proteobacteria,D_2__Gammaproteobacteria,D_3__KF-JG30-C25,D_4__uncultured bacterium",1,0,1,0
"D_0__Bacteria,D_1__Proteobacteria,D_2__Deltaproteobacteria,D_3__NB1-j,__",1,0,1,0
"D_0__Bacteria,D_1__Proteobacteria,D_2__Deltaproteobacteria,D_3__SAR324 clade(Marine group B),__",1,1,1,0
"D_0__Bacteria,D_1__Patescibacteria,D_2__Parcubacteria,D_3__Candidatus Yanofskybacteria,D_4__Candidatus Yanofskybacteria bacterium GW2011_GWF2_43_596",1,0,1,0
"D_0__Bacteria,D_1__Patescibacteria,D_2__ABY1,D_3__Candidatus Uhrbacteria,D_4__uncultured eubacterium WCHB1-58",1,0,1,1
"D_0__Bacteria,D_1__Bacteroidetes,D_2__Ignavibacteria,D_3__SJA-28,D_4__metagenome",1,0,1,1
"D_0__Bacteria,D_1__WPS-2,D_2__uncultured forest soil bacterium,D_3__uncultured forest soil bacterium,D_4__uncultured forest soil bacterium",1,0,1,0
"D_0__Bacteria,D_1__Bacteroidetes,D_2__Bacteroidia,D_3__Cytophagales,D_4__Amoebophilaceae",1,1,1,0
"D_0__Bacteria,D_1__Actinobacteria,D_2__Acidimicrobiia,D_3__IMCC26256,D_4__uncultured Acidimicrobiaceae bacterium",1,0,1,0
"D_0__Bacteria,D_1__Chloroflexi,D_2__Anaerolineae,D_3__RBG-13-54-9,D_4__uncultured Caldilineaceae bacterium",1,0,1,1
"D_0__Bacteria,D_1__Bacteroidetes,D_2__Bacteroidia,D_3__Cytophagales,__",1,0,1,0
"D_0__Bacteria,D_1__Planctomycetes,D_2__Phycisphaerae,D_3__S-70,D_4__uncultured bacterium",1,0,1,1
"D_0__Bacteria,D_1__Proteobacteria,D_2__Deltaproteobacteria,D_3__PB19,D_4__uncultured bacterium",1,0,1,0
"D_0__Bacteria,D_1__Chloroflexi,D_2__TK10,D_3__uncultured Dehalococcoidia bacterium,D_4__uncultured Dehalococcoidia bacterium",1,0,1,0
"D_0__Bacteria,D_1__Patescibacteria,D_2__Parcubacteria,D_3__Candidatus Azambacteria,D_4__Parcubacteria bacterium C7867-005",1,1,1,0
"D_0__Bacteria,D_1__Proteobacteria,__,__,__",1,1,1,0
"D_0__Bacteria,D_1__Patescibacteria,D_2__Gracilibacteria,__,__",1,0,1,0
"D_0__Bacteria,D_1__Armatimonadetes,D_2__Armatimonadia,D_3__Armatimonadales,D_4__uncultured soil bacterium",1,0,1,1
"D_0__Bacteria,D_1__Bacteroidetes,D_2__Bacteroidia,D_3__SM1A07,D_4__metagenome",1,0,1,0
"D_0__Bacteria,D_1__Bacteroidetes,D_2__Bacteroidia,D_3__Sphingobacteriales,D_4__FFCH9454",1,0,1,0
"D_0__Bacteria,D_1__Latescibacteria,D_2__uncultured Pelobacter sp.,D_3__uncultured Pelobacter sp.,D_4__uncultured Pelobacter sp.",1,0,1,0
"D_0__Bacteria,D_1__Proteobacteria,D_2__Deltaproteobacteria,D_3__Myxococcales,D_4__FFCH16767",1,0,1,0
"D_0__Bacteria,D_1__Patescibacteria,D_2__Parcubacteria,D_3__Candidatus Zambryskibacteria,D_4__Parcubacteria group bacterium GW2011_GWA2_40_14",1,0,1,0
"D_0__Bacteria,D_1__Proteobacteria,D_2__Deltaproteobacteria,Ambiguous_taxa,D_4__uncultured delta proteobacterium",1,1,1,0
"D_0__Bacteria,D_1__Chloroflexi,D_2__Chloroflexia,D_3__Chloroflexales,D_4__Chloroflexaceae",1,1,1,1
"D_0__Bacteria,D_1__Kiritimatiellaeota,D_2__Kiritimatiellae,D_3__WCHB1-41,D_4__uncultured verrucomicrobium DEV055",1,0,1,0
"D_0__Bacteria,D_1__Patescibacteria,D_2__Gracilibacteria,D_3__Candidatus Peribacteria,D_4__metagenome",1,0,1,0
"D_0__Bacteria,D_1__Actinobacteria,D_2__Actinobacteria,D_3__Streptosporangiales,D_4__Streptosporangiaceae",1,1,1,1
"D_0__Bacteria,D_1__Gemmatimonadetes,D_2__S0134 terrestrial group,D_3__metagenome,D_4__metagenome",1,0,1,0
"D_0__Bacteria,D_1__Bacteroidetes,D_2__Bacteroidia,D_3__Bacteroidetes VC2.1 Bac22,D_4__metagenome",1,0,1,0
"D_0__Bacteria,D_1__Proteobacteria,D_2__Deltaproteobacteria,D_3__MBNT15,D_4__uncultured Syntrophobacteraceae bacterium",1,0,1,0
"D_0__Bacteria,D_1__Bacteroidetes,D_2__Ignavibacteria,D_3__SJA-28,D_4__uncultured Ignavibacterium sp.",1,0,1,0
"D_0__Bacteria,D_1__Elusimicrobia,D_2__Lineage IIc,D_3__uncultured bacterium,D_4__uncultured bacterium",1,0,1,0
"D_0__Bacteria,D_1__Chlamydiae,D_2__Chlamydiae,D_3__Chlamydiales,D_4__Chlamydiaceae",1,0,1,1
"D_0__Bacteria,D_1__Bacteroidetes,D_2__Bacteroidia,D_3__Bacteroidales,D_4__Rikenellaceae",1,0,1,0
"D_0__Bacteria,D_1__Acidobacteria,D_2__Blastocatellia (Subgroup 4),D_3__11-24,D_4__uncultured Acidobacteria bacterium",1,0,1,0
"D_0__Bacteria,D_1__Chloroflexi,D_2__AD3,D_3__uncultured soil bacterium,D_4__uncultured soil bacterium",1,0,1,0
"D_0__Bacteria,D_1__Omnitrophicaeota,D_2__uncultured bacterium,D_3__uncultured bacterium,D_4__uncultured bacterium",1,0,1,0
"D_0__Bacteria,D_1__Armatimonadetes,D_2__Armatimonadia,D_3__Armatimonadales,__",1,0,1,1
"D_0__Bacteria,D_1__Verrucomicrobia,D_2__Verrucomicrobiae,D_3__uncultured,D_4__uncultured bacterium",1,0,1,1
"D_0__Bacteria,D_1__Latescibacteria,D_2__uncultured bacterium,D_3__uncultured bacterium,D_4__uncultured bacterium",1,0,1,0
"D_0__Bacteria,D_1__Acidobacteria,D_2__AT-s3-28,__,__",1,0,1,0
"D_0__Bacteria,D_1__Bacteroidetes,D_2__Bacteroidia,D_3__Cytophagales,D_4__Cyclobacteriaceae",1,0,1,0
"D_0__Bacteria,D_1__Patescibacteria,D_2__Berkelbacteria,D_3__uncultured bacterium,D_4__uncultured bacterium",1,0,1,1
"D_0__Bacteria,D_1__Planctomycetes,D_2__Planctomycetacia,D_3__Planctomycetales,D_4__Rubinisphaeraceae",1,1,1,1
"D_0__Bacteria,D_1__Latescibacteria,D_2__Latescibacteria,D_3__Latescibacterales,D_4__Latescibacteraceae",1,0,1,0
"D_0__Bacteria,D_1__Patescibacteria,D_2__Parcubacteria,D_3__Candidatus Yanofskybacteria,D_4__uncultured bacterium",1,0,1,0
"D_0__Bacteria,D_1__Proteobacteria,D_2__Deltaproteobacteria,D_3__SAR324 clade(Marine group B),D_4__bacterium enrichment culture clone B30(2011)",1,0,1,0
"D_0__Bacteria,D_1__Cyanobacteria,D_2__Oxyphotobacteria,D_3__Nostocales,D_4__Nostocaceae",1,0,1,1
"D_0__Bacteria,D_1__WS2,D_2__uncultured soil bacterium,D_3__uncultured soil bacterium,D_4__uncultured soil bacterium",1,0,1,0
"D_0__Bacteria,D_1__Cyanobacteria,D_2__Melainabacteria,D_3__Vampirovibrionales,D_4__uncultured bacterium",1,1,1,0
"D_0__Bacteria,D_1__Actinobacteria,D_2__Acidimicrobiia,D_3__uncultured,D_4__uncultured Acidimicrobidae bacterium",1,0,1,0
"D_0__Bacteria,D_1__Firmicutes,D_2__Bacilli,D_3__Bacillales,D_4__Alicyclobacillaceae",1,0,1,1
"D_0__Bacteria,D_1__Elusimicrobia,D_2__Elusimicrobia,D_3__Lineage IV,__",1,0,1,0
"D_0__Bacteria,D_1__Latescibacteria,D_2__metagenome,D_3__metagenome,D_4__metagenome",1,0,1,0
"D_0__Bacteria,D_1__Chloroflexi,D_2__Ktedonobacteria,D_3__C0119,__",1,0,1,0
"D_0__Bacteria,D_1__Proteobacteria,D_2__Gammaproteobacteria,D_3__EC3,D_4__uncultured bacterium",1,1,1,0
"D_0__Bacteria,D_1__Elusimicrobia,D_2__Lineage IIb,__,__",1,0,1,0
"D_0__Bacteria,D_1__Planctomycetes,D_2__OM190,D_3__uncultured Planctomyces sp.,D_4__uncultured Planctomyces sp.",1,0,1,0
"D_0__Bacteria,D_1__Acidobacteria,D_2__Acidobacteriia,D_3__Subgroup 2,D_4__uncultured bacterium DA052",1,0,1,0
"D_0__Bacteria,D_1__Chloroflexi,D_2__Anaerolineae,D_3__RBG-13-54-9,__",1,0,1,1
"D_0__Bacteria,D_1__Proteobacteria,D_2__Gammaproteobacteria,D_3__R7C24,D_4__uncultured bacterium",1,1,1,0
"D_0__Bacteria,D_1__Acidobacteria,D_2__Subgroup 22,__,__",1,0,1,0
"D_0__Bacteria,D_1__Patescibacteria,D_2__Saccharimonadia,D_3__Saccharimonadales,D_4__uncultured candidate division WS5 bacterium",1,0,1,0
"D_0__Bacteria,D_1__Patescibacteria,D_2__Saccharimonadia,D_3__Saccharimonadales,Ambiguous_taxa",1,0,1,0
"D_0__Bacteria,D_1__Acidobacteria,D_2__Holophagae,D_3__Subgroup 7,D_4__uncultured candidate division OS-K bacterium",1,0,1,0
"D_0__Bacteria,D_1__Patescibacteria,D_2__Parcubacteria,D_3__Candidatus Zambryskibacteria,D_4__metagenome",1,0,1,0
"D_0__Bacteria,D_1__Chloroflexi,D_2__TK10,D_3__uncultured Chloroflexi bacterium,D_4__uncultured Chloroflexi bacterium",1,0,1,1
"D_0__Bacteria,D_1__Proteobacteria,D_2__Gammaproteobacteria,D_3__Ga0077536,D_4__uncultured sulfur-oxidizing symbiont bacterium",1,1,1,0
"D_0__Bacteria,D_1__Acidobacteria,D_2__Subgroup 6,D_3__uncultured forest soil bacterium,D_4__uncultured forest soil bacterium",1,0,1,0
"D_0__Bacteria,D_1__Actinobacteria,D_2__FFCH16263,D_3__uncultured bacterium,D_4__uncultured bacterium",1,0,1,0
"D_0__Bacteria,D_1__Entotheonellaeota,D_2__Entotheonellia,D_3__Entotheonellales,D_4__Entotheonellaceae",1,0,1,0
"D_0__Bacteria,D_1__Proteobacteria,D_2__Alphaproteobacteria,D_3__uncultured,D_4__bacterium enrichment culture clone Anammox_49",1,0,1,0
"D_0__Bacteria,D_1__Rokubacteria,D_2__NC10,D_3__Rokubacteriales,D_4__uncultured candidate division SPAM bacterium",1,0,1,0
"D_0__Bacteria,D_1__Zixibacteria,D_2__uncultured bacterium,D_3__uncultured bacterium,D_4__uncultured bacterium",1,0,1,0
"D_0__Bacteria,D_1__Acidobacteria,D_2__Acidobacteriia,D_3__Subgroup 2,D_4__uncultured eubacterium WD2123",1,0,1,0
"D_0__Bacteria,D_1__Proteobacteria,D_2__Deltaproteobacteria,D_3__Oligoflexales,D_4__053A03-B-DI-P58",1,0,1,0
"D_0__Bacteria,D_1__Armatimonadetes,D_2__Fimbriimonadia,D_3__Fimbriimonadales,__",1,0,1,0
"D_0__Bacteria,D_1__Patescibacteria,D_2__Saccharimonadia,D_3__Saccharimonadales,D_4__metal-contaminated soil clone K20-27",1,0,1,0
"D_0__Bacteria,D_1__Tenericutes,D_2__Mollicutes,D_3__Entomoplasmatales,D_4__Spiroplasmataceae",1,0,1,0
"D_0__Bacteria,D_1__Bacteroidetes,D_2__Bacteroidia,D_3__Flavobacteriales,D_4__Weeksellaceae",1,1,1,0
"D_0__Bacteria,D_1__Acidobacteria,D_2__Blastocatellia (Subgroup 4),D_3__11-24,D_4__Acidobacteria bacterium Ellin7246",1,0,1,1
"D_0__Bacteria,D_1__Proteobacteria,D_2__Deltaproteobacteria,D_3__RCP2-54,D_4__uncultured prokaryote",1,1,1,0
"D_0__Bacteria,D_1__BRC1,D_2__metagenome,D_3__metagenome,D_4__metagenome",1,0,1,1
"D_0__Bacteria,D_1__Chloroflexi,D_2__Ktedonobacteria,D_3__B10-SB3A,D_4__uncultured bacterium",1,0,1,0
"D_0__Bacteria,D_1__Actinobacteria,D_2__Acidimicrobiia,D_3__uncultured,Ambiguous_taxa",1,0,1,0
"D_0__Bacteria,D_1__Proteobacteria,D_2__Deltaproteobacteria,D_3__SAR324 clade(Marine group B),D_4__uncultured bacterium PHOS-HD29",1,0,1,0
"D_0__Bacteria,D_1__Chloroflexi,D_2__KD4-96,D_3__uncultured Anaerolineaceae bacterium,D_4__uncultured Anaerolineaceae bacterium",1,0,1,0
"D_0__Bacteria,D_1__Acidobacteria,D_2__Acidobacteriia,D_3__Subgroup 13,D_4__uncultured Holophaga sp.",1,0,1,0
"D_0__Bacteria,D_1__Dependentiae,D_2__Babeliae,D_3__Babeliales,D_4__uncultured soil bacterium",1,0,1,0
"D_0__Bacteria,D_1__Patescibacteria,D_2__Gracilibacteria,D_3__Candidatus Peribacteria,D_4__uncultured sludge bacterium",1,0,1,0
"D_0__Bacteria,D_1__Gemmatimonadetes,D_2__BD2-11 terrestrial group,D_3__metagenome,D_4__metagenome",1,0,1,0
"D_0__Bacteria,D_1__Proteobacteria,D_2__Alphaproteobacteria,D_3__uncultured,D_4__uncultured actinobacterium",1,0,1,0
"D_0__Bacteria,D_1__Cyanobacteria,D_2__Melainabacteria,D_3__Obscuribacterales,__",1,0,1,0
"D_0__Bacteria,D_1__Proteobacteria,D_2__Gammaproteobacteria,D_3__JTB23,D_4__metagenome",1,0,1,0
"D_0__Bacteria,D_1__Proteobacteria,D_2__Gammaproteobacteria,D_3__WD260,Ambiguous_taxa",1,1,1,0
"D_0__Bacteria,D_1__Patescibacteria,D_2__Gracilibacteria,D_3__Candidatus Peregrinibacteria,D_4__uncultured bacterium",1,0,1,0
"D_0__Bacteria,D_1__Actinobacteria,D_2__Actinobacteria,D_3__Streptosporangiales,__",1,0,1,1
"D_0__Archaea,D_1__Thaumarchaeota,D_2__Group 1.1c,__,__",1,0,1,0
"D_0__Bacteria,D_1__Patescibacteria,D_2__Parcubacteria,D_3__Candidatus Kaiserbacteria,D_4__uncultured soil bacterium",1,0,1,0
"D_0__Bacteria,D_1__Chloroflexi,D_2__SHA-26,D_3__uncultured bacterium,D_4__uncultured bacterium",1,0,1,0
"D_0__Bacteria,D_1__Proteobacteria,D_2__Gammaproteobacteria,D_3__JG36-GS-52,__",1,0,1,0
"D_0__Bacteria,D_1__Planctomycetes,D_2__Phycisphaerae,D_3__CCM11a,D_4__groundwater metagenome",1,0,1,0
"D_0__Bacteria,D_1__Proteobacteria,D_2__Gammaproteobacteria,D_3__uncultured,D_4__metagenome",1,0,1,0
"D_0__Bacteria,D_1__Proteobacteria,D_2__Alphaproteobacteria,D_3__Caedibacterales,D_4__Caedibacteraceae",1,0,1,0
"D_0__Bacteria,D_1__Elusimicrobia,D_2__Elusimicrobia,D_3__FCPU453,D_4__uncultured bacterium",1,0,1,0
"D_0__Bacteria,D_1__Patescibacteria,D_2__Gracilibacteria,Ambiguous_taxa,Ambiguous_taxa",1,0,1,0
"D_0__Bacteria,D_1__Patescibacteria,D_2__Parcubacteria,D_3__Candidatus Nomurabacteria,D_4__Candidatus Nomurabacteria bacterium GW2011_GWB1_35_20",1,0,1,0
"D_0__Bacteria,D_1__Planctomycetes,D_2__Phycisphaerae,D_3__mle1-8,D_4__uncultured bacterium",1,0,1,0
"D_0__Bacteria,D_1__Chloroflexi,D_2__Dehalococcoidia,D_3__SAR202 clade,D_4__uncultured bacterium",1,0,1,0
"D_0__Bacteria,D_1__Patescibacteria,D_2__Parcubacteria,D_3__Candidatus Kaiserbacteria,D_4__groundwater metagenome",1,0,1,1
"D_0__Bacteria,D_1__Patescibacteria,D_2__ABY1,D_3__Candidatus Magasanikbacteria,__",1,0,1,0
"D_0__Bacteria,D_1__Chlamydiae,D_2__Chlamydiae,D_3__Chlamydiales,D_4__Waddliaceae",1,0,1,0
"D_0__Bacteria,D_1__Chloroflexi,D_2__AD3,D_3__uncultured Thermoflavimicrobium sp.,D_4__uncultured Thermoflavimicrobium sp.",1,0,1,0
"D_0__Bacteria,D_1__Proteobacteria,D_2__Gammaproteobacteria,D_3__CCM19a,D_4__uncultured bacterium",1,0,1,0
"D_0__Bacteria,D_1__Patescibacteria,D_2__Parcubacteria,D_3__Candidatus Lloydbacteria,D_4__uncultured bacterium",1,1,1,0
"D_0__Bacteria,D_1__Acidobacteria,D_2__Subgroup 22,D_3__uncultured Holophaga sp.,D_4__uncultured Holophaga sp.",1,0,1,0
"D_0__Bacteria,D_1__Cyanobacteria,D_2__Melainabacteria,D_3__Gastranaerophilales,__",1,0,1,0
"D_0__Bacteria,D_1__Patescibacteria,D_2__Parcubacteria,D_3__Candidatus Moranbacteria,D_4__uncultured bacterium",1,0,1,0
"D_0__Bacteria,D_1__Proteobacteria,D_2__Gammaproteobacteria,D_3__Ga0077536,D_4__uncultured bacterium",1,0,1,0
"D_0__Bacteria,D_1__Proteobacteria,D_2__Gammaproteobacteria,D_3__Betaproteobacteriales,D_4__Chromobacteriaceae",1,0,1,0
"D_0__Bacteria,D_1__Patescibacteria,D_2__Parcubacteria,D_3__Candidatus Campbellbacteria,D_4__uncultured bacterium",1,0,1,0
"D_0__Bacteria,D_1__Patescibacteria,D_2__Parcubacteria,D_3__Candidatus Azambacteria,__",1,0,1,0
"D_0__Bacteria,D_1__Proteobacteria,D_2__Alphaproteobacteria,D_3__Rickettsiales,__",1,0,1,1
"D_0__Bacteria,D_1__Planctomycetes,D_2__Pla4 lineage,D_3__uncultured bacterium,D_4__uncultured bacterium",1,0,1,0
"D_0__Bacteria,D_1__Firmicutes,D_2__Clostridia,D_3__Clostridiales,D_4__Ruminococcaceae",1,0,1,0
"D_0__Bacteria,D_1__Patescibacteria,D_2__Parcubacteria,D_3__Candidatus Staskawiczbacteria,D_4__uncultured bacterium",1,0,1,0
"D_0__Bacteria,D_1__Patescibacteria,D_2__Parcubacteria,D_3__Candidatus Colwellbacteria,Ambiguous_taxa",1,0,1,0
"D_0__Bacteria,D_1__Acidobacteria,D_2__Blastocatellia (Subgroup 4),D_3__Elev-16S-573,D_4__uncultured bacterium",1,0,1,0
"D_0__Bacteria,D_1__Elusimicrobia,D_2__uncultured Acidobacteria bacterium,D_3__uncultured Acidobacteria bacterium,D_4__uncultured Acidobacteria bacterium",1,0,1,0
"D_0__Bacteria,D_1__Planctomycetes,D_2__Planctomycetacia,D_3__uncultured,D_4__uncultured bacterium",1,1,1,0
"D_0__Bacteria,D_1__Firmicutes,D_2__Clostridia,D_3__Clostridiales,D_4__Heliobacteriaceae",1,0,1,0
"D_0__Bacteria,D_1__Patescibacteria,D_2__Gracilibacteria,D_3__Candidatus Peribacteria,D_4__groundwater metagenome",1,0,1,0
"D_0__Bacteria,D_1__Proteobacteria,D_2__Gammaproteobacteria,D_3__Aeromonadales,D_4__Aeromonadaceae",1,0,1,0
"D_0__Bacteria,D_1__Proteobacteria,D_2__Gammaproteobacteria,D_3__211ds20,D_4__metagenome",1,0,1,1
"D_0__Bacteria,D_1__Hydrogenedentes,D_2__Hydrogenedentia,D_3__Hydrogenedentiales,D_4__Hydrogenedensaceae",1,1,1,0
"D_0__Bacteria,D_1__Kiritimatiellaeota,D_2__Kiritimatiellae,D_3__WCHB1-41,D_4__metagenome",1,0,1,0
"D_0__Bacteria,D_1__Cyanobacteria,D_2__Oxyphotobacteria,D_3__Pseudanabaenales,D_4__Pseudanabaenaceae",1,0,1,0
"D_0__Bacteria,D_1__Patescibacteria,D_2__Gracilibacteria,D_3__Candidatus Peribacteria,D_4__uncultured bacterium",1,0,1,0
"D_0__Bacteria,D_1__Proteobacteria,D_2__Alphaproteobacteria,D_3__uncultured,D_4__uncultured Acetobacteraceae bacterium",1,0,1,0
"D_0__Bacteria,D_1__Proteobacteria,D_2__Alphaproteobacteria,D_3__uncultured,D_4__uncultured proteobacterium",1,0,1,0
"D_0__Bacteria,D_1__Firmicutes,D_2__Clostridia,D_3__Clostridiales,D_4__Lachnospiraceae",1,0,1,0
"D_0__Bacteria,D_1__Acidobacteria,D_2__Subgroup 6,D_3__uncultured bacterium DA023,D_4__uncultured bacterium DA023",1,0,1,0
"D_0__Bacteria,D_1__Planctomycetes,D_2__Planctomycetacia,D_3__Planctomycetales,D_4__Schlesneriaceae",1,0,1,0
"D_0__Bacteria,D_1__Acidobacteria,D_2__Subgroup 15,D_3__uncultured Holophaga sp.,D_4__uncultured Holophaga sp.",1,0,1,0
"D_0__Bacteria,D_1__Acidobacteria,D_2__Blastocatellia (Subgroup 4),D_3__11-24,__",1,1,1,1
"D_0__Bacteria,D_1__Spirochaetes,D_2__Spirochaetia,D_3__Brevinematales,D_4__Brevinemataceae",1,0,1,0
"D_0__Bacteria,D_1__Chloroflexi,D_2__Ktedonobacteria,D_3__C0119,D_4__uncultured candidate division SAM bacterium",1,0,1,0
"D_0__Bacteria,D_1__Acidobacteria,D_2__Acidobacteriia,__,__",1,0,1,0
"D_0__Bacteria,D_1__Omnitrophicaeota,D_2__uncultured planctomycete,D_3__uncultured planctomycete,D_4__uncultured planctomycete",1,0,1,0
"D_0__Bacteria,D_1__Armatimonadetes,D_2__uncultured,D_3__metagenome,D_4__metagenome",1,0,1,0
"D_0__Bacteria,D_1__Lentisphaerae,D_2__Lentisphaeria,D_3__Victivallales,D_4__Arctic95B-14",1,0,1,0
"D_0__Bacteria,D_1__Patescibacteria,D_2__Parcubacteria,D_3__Candidatus Staskawiczbacteria,__",1,0,1,0
"D_0__Bacteria,D_1__Proteobacteria,D_2__Alphaproteobacteria,D_3__Rhizobiales,Ambiguous_taxa",1,0,1,0
"D_0__Bacteria,D_1__Proteobacteria,D_2__Deltaproteobacteria,D_3__MBNT15,D_4__unidentified",1,0,1,0
"D_0__Bacteria,D_1__Verrucomicrobia,D_2__Verrucomicrobiae,D_3__S-BQ2-57 soil group,D_4__uncultured bacterium",1,0,1,0
"D_0__Bacteria,D_1__Patescibacteria,D_2__Gracilibacteria,D_3__Candidatus Peribacteria,__",1,0,1,0
"D_0__Bacteria,D_1__Zixibacteria,Ambiguous_taxa,Ambiguous_taxa,Ambiguous_taxa",1,0,1,0
"D_0__Bacteria,D_1__Bacteroidetes,D_2__Chlorobia,D_3__Chlorobiales,__",1,0,1,0
"D_0__Bacteria,D_1__Patescibacteria,D_2__Parcubacteria,D_3__Candidatus Liptonbacteria,__",1,0,1,0
"D_0__Bacteria,D_1__Proteobacteria,D_2__Alphaproteobacteria,D_3__Thalassobaculales,D_4__uncultured",1,0,1,0
"D_0__Bacteria,D_1__Chloroflexi,D_2__Anaerolineae,D_3__SBR1031,__",1,0,1,0
"D_0__Bacteria,D_1__Proteobacteria,D_2__Alphaproteobacteria,D_3__Rhodospirillales,D_4__Rhodopirillaceae",1,0,1,1
"D_0__Bacteria,D_1__Cyanobacteria,D_2__Sericytochromatia,D_3__uncultured Halanaerobiaceae bacterium,D_4__uncultured Halanaerobiaceae bacterium",1,0,1,1
"D_0__Bacteria,D_1__Patescibacteria,D_2__Berkelbacteria,D_3__metagenome,D_4__metagenome",1,0,1,1
"D_0__Bacteria,D_1__Firmicutes,__,__,__",1,1,1,0
"D_0__Bacteria,D_1__Acidobacteria,D_2__Subgroup 6,D_3__uncultured bacterium,D_4__uncultured bacterium",1,0,1,0
"D_0__Bacteria,D_1__Cyanobacteria,D_2__Sericytochromatia,D_3__metagenome,D_4__metagenome",1,0,1,0
"D_0__Bacteria,D_1__Patescibacteria,D_2__Gracilibacteria,D_3__Candidatus Abawacabacteria,D_4__uncultured Microgenomates group bacterium",1,0,1,0
"D_0__Bacteria,D_1__Actinobacteria,D_2__Actinobacteria,D_3__Corynebacteriales,D_4__uncultured bacterium",1,1,1,1
"D_0__Bacteria,D_1__Tenericutes,D_2__Mollicutes,D_3__Entomoplasmatales,D_4__Entomoplasmatales Incertae Sedis",1,0,1,0
"D_0__Bacteria,D_1__BRC1,__,__,__",1,0,1,1
"D_0__Bacteria,D_1__Patescibacteria,D_2__Parcubacteria,D_3__Candidatus Moranbacteria,D_4__uncultured soil bacterium",1,0,1,0
"D_0__Bacteria,D_1__Acidobacteria,D_2__Blastocatellia (Subgroup 4),D_3__Elev-16S-573,D_4__uncultured proteobacterium",1,0,1,0
"D_0__Bacteria,D_1__Actinobacteria,D_2__Acidimicrobiia,D_3__uncultured,D_4__uncultured soil bacterium",1,0,1,0
"D_0__Bacteria,D_1__Actinobacteria,D_2__Acidimicrobiia,D_3__IMCC26256,D_4__uncultured Ferrimicrobium sp.",1,0,1,0
"D_0__Bacteria,D_1__Firmicutes,D_2__Clostridia,D_3__Clostridiales,D_4__Gracilibacteraceae",1,0,1,0
"D_0__Bacteria,D_1__Actinobacteria,D_2__Actinobacteria,D_3__Micrococcales,D_4__Dermatophilaceae",1,0,1,0
"D_0__Bacteria,D_1__Actinobacteria,D_2__Rubrobacteria,D_3__Rubrobacterales,D_4__Rubrobacteriaceae",1,0,1,0
"D_0__Bacteria,D_1__Chloroflexi,D_2__Chloroflexia,D_3__Thermomicrobiales,D_4__AKYG1722",1,0,1,0
"D_0__Bacteria,D_1__Firmicutes,D_2__Limnochordia,D_3__Limnochordales,D_4__Limnochordaceae",1,0,1,0
"D_0__Bacteria,D_1__Proteobacteria,D_2__Alphaproteobacteria,D_3__Puniceispirillales,D_4__EF100-94H03",1,0,1,0
"D_0__Bacteria,D_1__Proteobacteria,D_2__Gammaproteobacteria,D_3__Cellvibrionales,D_4__Porticoccaceae",1,0,1,0
"D_0__Bacteria,D_1__Tenericutes,D_2__Mollicutes,D_3__Izimaplasmatales,D_4__uncultured bacterium",1,0,1,0
"D_0__Bacteria,D_1__Patescibacteria,D_2__WS6 (Dojkabacteria),D_3__uncultured bacterium,D_4__uncultured bacterium",1,1,1,1
"D_0__Bacteria,D_1__Acidobacteria,__,__,__",1,1,1,0
"D_0__Bacteria,D_1__Patescibacteria,D_2__Parcubacteria,D_3__Candidatus Yanofskybacteria,__",1,1,1,0
"D_0__Archaea,D_1__Nanoarchaeaeota,D_2__Woesearchaeia,D_3__uncultured euryarchaeote,D_4__uncultured euryarchaeote",1,0,1,0
"D_0__Bacteria,D_1__Armatimonadetes,D_2__Fimbriimonadia,D_3__Fimbriimonadales,D_4__uncultured bacterium",1,0,1,0
"D_0__Bacteria,D_1__Patescibacteria,D_2__ABY1,D_3__Candidatus Uhrbacteria,D_4__Candidatus Uhrbacteria bacterium RIFOXYC12_FULL_57_11",1,0,1,0
"D_0__Bacteria,D_1__Patescibacteria,D_2__Parcubacteria,D_3__Candidatus Azambacteria,D_4__Candidatus Zambryskibacteria bacterium RIFCSPLOWO2_02_FULL_51_21",1,0,1,0
"D_0__Archaea,D_1__Nanoarchaeaeota,D_2__Woesearchaeia,__,__",1,0,1,0
"D_0__Bacteria,D_1__Elusimicrobia,D_2__Lineage IIa,D_3__uncultured Elusimicrobia bacterium,D_4__uncultured Elusimicrobia bacterium",1,0,1,0
"D_0__Bacteria,D_1__Elusimicrobia,D_2__Lineage IIb,D_3__uncultured archaeon,D_4__uncultured archaeon",1,0,1,0
"D_0__Bacteria,D_1__Gemmatimonadetes,__,__,__",1,0,1,0
"D_0__Bacteria,D_1__Planctomycetes,D_2__Planctomycetacia,D_3__uncultured,D_4__metagenome",1,0,1,0
"D_0__Bacteria,D_1__Proteobacteria,D_2__Alphaproteobacteria,D_3__Micavibrionales,__",1,0,1,0
"D_0__Bacteria,D_1__Proteobacteria,D_2__Alphaproteobacteria,D_3__Rickettsiales,D_4__AB1",1,0,1,0
"D_0__Bacteria,D_1__Dependentiae,D_2__Babeliae,D_3__Babeliales,D_4__metagenome",1,0,1,0
"D_0__Bacteria,D_1__Planctomycetes,D_2__Planctomycetacia,__,__",1,0,1,0
"D_0__Bacteria,D_1__Actinobacteria,__,__,__",1,0,1,0
"D_0__Bacteria,D_1__Chloroflexi,D_2__AD3,D_3__uncultured Thermomicrobia bacterium,D_4__uncultured Thermomicrobia bacterium",1,0,1,0
"D_0__Bacteria,D_1__Fusobacteria,D_2__Fusobacteriia,D_3__Fusobacteriales,D_4__Leptotrichiaceae",1,0,1,0
"D_0__Bacteria,D_1__Proteobacteria,D_2__Gammaproteobacteria,D_3__Betaproteobacteriales,D_4__Hydrogenophilaceae",1,0,0,1
"D_0__Bacteria,D_1__Proteobacteria,D_2__Gammaproteobacteria,D_3__Betaproteobacteriales,D_4__Sulfuricellaceae",1,0,0,1
"D_0__Bacteria,D_1__Proteobacteria,D_2__Gammaproteobacteria,D_3__JG36-TzT-191,D_4__uncultured gamma proteobacterium",1,0,0,1
"D_0__Bacteria,D_1__Proteobacteria,D_2__Gammaproteobacteria,D_3__R7C24,Ambiguous_taxa",1,1,0,1
"D_0__Bacteria,D_1__Actinobacteria,D_2__Actinobacteria,D_3__PeM15,__",1,0,0,1
"D_0__Bacteria,D_1__Actinobacteria,D_2__Acidimicrobiia,D_3__IMCC26256,D_4__uncultured organism",1,0,0,1
"D_0__Bacteria,D_1__Proteobacteria,D_2__Deltaproteobacteria,D_3__Myxococcales,D_4__Amb-16S-1034",1,0,0,1
"D_0__Bacteria,D_1__Armatimonadetes,D_2__Armatimonadia,D_3__Armatimonadales,D_4__uncultured Armatimonadetes bacterium",1,0,0,1
"D_0__Bacteria,D_1__Acidobacteria,D_2__Holophagae,D_3__Subgroup 7,D_4__uncultured Thermaerobacter sp.",1,1,0,1
"D_0__Bacteria,D_1__Proteobacteria,D_2__Alphaproteobacteria,D_3__Rhizobiales,D_4__Pleomorphomonadaceae",1,0,0,1
"D_0__Bacteria,D_1__Firmicutes,D_2__Bacilli,D_3__Lactobacillales,D_4__Carnobacteriaceae",1,0,0,1
"D_0__Bacteria,D_1__Firmicutes,D_2__Bacilli,D_3__Lactobacillales,D_4__Streptococcaceae",1,0,0,1
"D_0__Bacteria,D_1__Acidobacteria,D_2__Blastocatellia (Subgroup 4),D_3__DS-100,D_4__uncultured Acidobacteria bacterium",1,0,0,1
"D_0__Bacteria,D_1__Chlamydiae,D_2__Chlamydiae,D_3__Chlamydiales,D_4__Criblamydiaceae",1,0,0,1
"D_0__Bacteria,D_1__Dependentiae,D_2__Babeliae,D_3__Babeliales,D_4__Babeliaceae",1,1,0,1
"D_0__Bacteria,D_1__Proteobacteria,D_2__Alphaproteobacteria,D_3__Rhizobiales,D_4__Amb-16S-1323",1,0,0,1
"D_0__Bacteria,D_1__Verrucomicrobia,D_2__Verrucomicrobiae,D_3__Chthoniobacterales,D_4__01D2Z36",1,1,0,1
"D_0__Bacteria,D_1__Chloroflexi,D_2__Anaerolineae,D_3__RBG-13-54-9,D_4__uncultured bacterium",1,0,0,1
"D_0__Bacteria,D_1__Proteobacteria,D_2__Alphaproteobacteria,D_3__Rhizobiales,D_4__D05-2",1,0,0,1
"D_0__Bacteria,D_1__Proteobacteria,D_2__Gammaproteobacteria,D_3__EV818SWSAP88,D_4__metagenome",1,0,0,1
"D_0__Bacteria,D_1__Proteobacteria,D_2__Gammaproteobacteria,D_3__Betaproteobacteriales,D_4__Chitinibacteraceae",1,0,0,1
"D_0__Bacteria,D_1__Proteobacteria,D_2__Alphaproteobacteria,D_3__uncultured,D_4__uncultured alpha proteobacterium",1,0,0,1
"D_0__Bacteria,D_1__Proteobacteria,D_2__Gammaproteobacteria,D_3__JG36-GS-52,D_4__uncultured bacterium",1,0,0,1
"D_0__Bacteria,D_1__Tenericutes,D_2__Mollicutes,D_3__Mollicutes Incertae Sedis,D_4__Unknown Family",1,0,0,1
"D_0__Bacteria,D_1__Firmicutes,D_2__Clostridia,D_3__Clostridiales,D_4__Clostridiales vadinBB60 group",1,0,0,1
"D_0__Bacteria,D_1__Patescibacteria,D_2__Parcubacteria,D_3__Candidatus Kaiserbacteria,D_4__Candidatus Sonnebornia yantaiensis",1,0,0,1
"D_0__Bacteria,D_1__Deinococcus-Thermus,D_2__Deinococci,D_3__Deinococcales,D_4__Deinococcaceae",1,1,0,0
"D_0__Bacteria,D_1__FBP,Ambiguous_taxa,Ambiguous_taxa,Ambiguous_taxa",1,1,0,0
"D_0__Bacteria,D_1__Proteobacteria,D_2__Alphaproteobacteria,D_3__Rhizobiales,D_4__Kaistiaceae",1,1,0,0
"D_0__Bacteria,D_1__Patescibacteria,D_2__Saccharimonadia,D_3__Saccharimonadales,D_4__candidate division TM7 bacterium LY2",1,1,0,0
"D_0__Bacteria,D_1__Acidobacteria,D_2__Blastocatellia (Subgroup 4),D_3__DS-100,__",1,1,0,0
"D_0__Bacteria,D_1__Proteobacteria,D_2__Alphaproteobacteria,D_3__Rhizobiales,D_4__Methylopilaceae",1,1,0,0
"D_0__Bacteria,D_1__Firmicutes,D_2__Bacilli,D_3__Lactobacillales,D_4__Enterococcaceae",1,1,0,0
"D_0__Bacteria,D_1__FBP,D_2__uncultured actinobacterium,D_3__uncultured actinobacterium,D_4__uncultured actinobacterium",1,1,0,0
"D_0__Bacteria,D_1__Proteobacteria,D_2__Deltaproteobacteria,D_3__Desulfuromonadales,D_4__Geobacteraceae",1,1,0,0
"D_0__Bacteria,D_1__Acidobacteria,D_2__Subgroup 6,D_3__Unknown Order,D_4__Unknown Family",1,1,0,0
"D_0__Bacteria,D_1__Acidobacteria,D_2__Holophagae,D_3__Subgroup 7,D_4__uncultured Acidobacteria bacterium",1,1,0,0
"D_0__Bacteria,D_1__Actinobacteria,D_2__Actinobacteria,D_3__Streptosporangiales,D_4__Streptosporangiales Incertae Sedis",1,1,0,0
"D_0__Bacteria,D_1__Acidobacteria,D_2__Subgroup 11,Ambiguous_taxa,Ambiguous_taxa",1,1,0,0
"D_0__Bacteria,D_1__Acidobacteria,D_2__Subgroup 17,D_3__uncultured bacterium,D_4__uncultured bacterium",1,1,0,0
"D_0__Bacteria,D_1__Proteobacteria,D_2__Alphaproteobacteria,D_3__Azospirillales,D_4__Azospirillales Incertae Sedis",1,1,0,0
"D_0__Bacteria,D_1__Bacteroidetes,D_2__Bacteroidia,D_3__Bacteroidales,D_4__SB-5",1,1,0,0
"D_0__Bacteria,D_1__Armatimonadetes,D_2__Armatimonadia,D_3__Armatimonadales,D_4__uncultured eubacterium WD294",1,1,0,0
"D_0__Bacteria,D_1__Proteobacteria,D_2__Deltaproteobacteria,D_3__MBNT15,D_4__uncultured proteobacterium",1,1,0,0
"D_0__Bacteria,D_1__Elusimicrobia,D_2__Elusimicrobia,D_3__Lineage IV,D_4__groundwater metagenome",1,1,0,0
"D_0__Bacteria,D_1__Bacteroidetes,D_2__Bacteroidia,D_3__SM1A07,D_4__uncultured bacterium",1,1,0,0
"D_0__Bacteria,D_1__Proteobacteria,D_2__Gammaproteobacteria,D_3__Cellvibrionales,D_4__Spongiibacteraceae",1,1,0,0
"D_0__Bacteria,D_1__Chloroflexi,D_2__TK10,D_3__metagenome,D_4__metagenome",1,1,0,0
"D_0__Bacteria,D_1__Firmicutes,D_2__Clostridia,D_3__Clostridiales,D_4__Eubacteriaceae",1,1,0,0
"D_0__Bacteria,D_1__Proteobacteria,D_2__Deltaproteobacteria,D_3__Myxococcales,D_4__Myxococcaceae",1,1,0,0
"D_0__Bacteria,D_1__Actinobacteria,D_2__MB-A2-108,D_3__metagenome,D_4__metagenome",1,1,0,0
"D_0__Bacteria,D_1__Patescibacteria,D_2__Saccharimonadia,D_3__Saccharimonadales,D_4__uncultured bacterium SBR2113",1,1,0,0
"D_0__Bacteria,D_1__Proteobacteria,D_2__Gammaproteobacteria,D_3__uncultured,D_4__uncultured gamma proteobacterium",1,1,0,0
"D_0__Bacteria,D_1__Proteobacteria,D_2__Deltaproteobacteria,D_3__PB19,D_4__metagenome",1,1,0,0
"D_0__Bacteria,D_1__Planctomycetes,D_2__Phycisphaerae,D_3__Pla1 lineage,__",1,1,0,0
"D_0__Bacteria,D_1__Omnitrophicaeota,D_2__Omnitrophia,D_3__Omnitrophales,D_4__Omnitrophaceae",1,1,0,0
"D_0__Bacteria,D_1__Verrucomicrobia,D_2__Verrucomicrobiae,D_3__UA11,D_4__uncultured bacterium",1,1,0,0
"D_0__Bacteria,D_1__Tenericutes,D_2__Mollicutes,D_3__Mycoplasmatales,D_4__Mycoplasmataceae",1,1,0,0
"D_0__Archaea,D_1__Diapherotrites,D_2__Micrarchaeia,D_3__uncultured euryarchaeote VAL31-1,D_4__uncultured euryarchaeote VAL31-1",1,0,0,0
"D_0__Archaea,D_1__Euryarchaeota,D_2__Thermoplasmata,D_3__Marine Group II,D_4__uncultured archaeon",1,0,0,0
"D_0__Archaea,D_1__Euryarchaeota,D_2__Thermoplasmata,D_3__uncultured,D_4__uncultured crenarchaeote",1,0,0,0
"D_0__Archaea,D_1__Euryarchaeota,D_2__Thermoplasmata,D_3__uncultured,__",1,0,0,0
"D_0__Archaea,D_1__Nanoarchaeaeota,D_2__Woesearchaeia,D_3__Candidatus Amesbacteria bacterium GW2011_GWC1_47_15,D_4__Candidatus Amesbacteria bacterium GW2011_GWC1_47_15",1,0,0,0
"D_0__Archaea,D_1__Nanoarchaeaeota,D_2__Woesearchaeia,D_3__Candidatus Staskawiczbacteria bacterium RIFOXYA2_FULL_32_7,D_4__Candidatus Staskawiczbacteria bacterium RIFOXYA2_FULL_32_7",1,0,0,0
"D_0__Archaea,D_1__Nanoarchaeaeota,D_2__Woesearchaeia,D_3__Nanoarchaeota archaeon SCGC AAA011-D5,D_4__Nanoarchaeota archaeon SCGC AAA011-D5",1,0,0,0
"D_0__Archaea,D_1__Nanoarchaeaeota,D_2__Woesearchaeia,D_3__uncultured archaeon,D_4__uncultured archaeon",1,0,0,0
"D_0__Bacteria,D_1__Acidobacteria,D_2__AT-s3-28,D_3__uncultured bacterium,D_4__uncultured bacterium",1,0,0,0
"D_0__Bacteria,D_1__Acidobacteria,D_2__AT-s3-28,D_3__unidentified,D_4__unidentified",1,0,0,0
"D_0__Bacteria,D_1__Acidobacteria,D_2__Acidobacteriia,D_3__Acidobacteriales,D_4__uncultured Acidobacteriaceae bacterium",1,0,0,0
"D_0__Bacteria,D_1__Acidobacteria,D_2__Acidobacteriia,D_3__Subgroup 2,D_4__uncultured Acidobacteriales bacterium",1,0,0,0
"D_0__Bacteria,D_1__Acidobacteria,D_2__Blastocatellia (Subgroup 4),D_3__11-24,D_4__uncultured Acidobacteriales bacterium",1,0,0,0
"D_0__Bacteria,D_1__Acidobacteria,D_2__Blastocatellia (Subgroup 4),D_3__DS-100,D_4__uncultured Acidobacteriales bacterium",1,0,0,0
"D_0__Bacteria,D_1__Acidobacteria,D_2__Blastocatellia (Subgroup 4),__,__",1,0,0,0
"D_0__Bacteria,D_1__Acidobacteria,D_2__Holophagae,D_3__Subgroup 7,D_4__uncultured Acidobacteriales bacterium",1,0,0,0
"D_0__Bacteria,D_1__Acidobacteria,D_2__Holophagae,D_3__Subgroup 7,D_4__uncultured Acidobacterium sp.",1,0,0,0
"D_0__Bacteria,D_1__Acidobacteria,D_2__Holophagae,D_3__Subgroup 7,D_4__uncultured Desulfovirga sp.",1,0,0,0
"D_0__Bacteria,D_1__Acidobacteria,D_2__Holophagae,D_3__Subgroup 7,D_4__uncultured bacterium gp7",1,0,0,0
"D_0__Bacteria,D_1__Acidobacteria,D_2__Subgroup 11,D_3__uncultured bacterium,D_4__uncultured bacterium",1,0,0,0
"D_0__Bacteria,D_1__Acidobacteria,D_2__Subgroup 11,D_3__uncultured soil bacterium,D_4__uncultured soil bacterium",1,0,0,0
"D_0__Bacteria,D_1__Acidobacteria,D_2__Subgroup 15,__,__",1,0,0,0
"D_0__Bacteria,D_1__Acidobacteria,D_2__Subgroup 22,D_3__metagenome,D_4__metagenome",1,0,0,0
"D_0__Bacteria,D_1__Acidobacteria,D_2__Subgroup 22,D_3__uncultured Acidobacteriales bacterium,D_4__uncultured Acidobacteriales bacterium",1,0,0,0
"D_0__Bacteria,D_1__Acidobacteria,D_2__Subgroup 25,__,__",1,0,0,0
"D_0__Bacteria,D_1__Acidobacteria,D_2__Subgroup 5,D_3__uncultured bacterium,D_4__uncultured bacterium",1,0,0,0
"D_0__Bacteria,D_1__Acidobacteria,D_2__Subgroup 6,D_3__uncultured Holophaga sp.,D_4__uncultured Holophaga sp.",1,0,0,0
"D_0__Bacteria,D_1__Acidobacteria,D_2__Subgroup 6,D_3__uncultured bacterium gp6,D_4__uncultured bacterium gp6",1,0,0,0
"D_0__Bacteria,D_1__Acidobacteria,D_2__Subgroup 6,D_3__uncultured proteobacterium,D_4__uncultured proteobacterium",1,0,0,0
"D_0__Bacteria,D_1__Actinobacteria,D_2__Acidimicrobiia,D_3__IMCC26256,D_4__actinobacterium YJF2-33",1,0,0,0
"D_0__Bacteria,D_1__Actinobacteria,D_2__Acidimicrobiia,D_3__IMCC26256,D_4__uncultured Actinomycetales bacterium",1,0,0,0
"D_0__Bacteria,D_1__Actinobacteria,D_2__Acidimicrobiia,D_3__Microtrichales,D_4__metagenome",1,0,0,0
"D_0__Bacteria,D_1__Actinobacteria,D_2__Actinobacteria,D_3__Micrococcales,D_4__Dermacoccaceae",1,0,0,0
"D_0__Bacteria,D_1__Actinobacteria,D_2__Actinobacteria,D_3__Micrococcales,__",1,0,0,0
"D_0__Bacteria,D_1__Actinobacteria,D_2__Actinobacteria,D_3__Propionibacteriales,__",1,0,0,0
"D_0__Bacteria,D_1__Actinobacteria,D_2__MB-A2-108,Ambiguous_taxa,Ambiguous_taxa",1,0,0,0
"D_0__Bacteria,D_1__Actinobacteria,D_2__MB-A2-108,D_3__uncultured Kineosporiaceae bacterium,D_4__uncultured Kineosporiaceae bacterium",1,0,0,0
"D_0__Bacteria,D_1__Actinobacteria,D_2__MB-A2-108,D_3__uncultured bacterium #0425-2M17,D_4__uncultured bacterium #0425-2M17",1,0,0,0
"D_0__Bacteria,D_1__Actinobacteria,D_2__Thermoleophilia,D_3__uncultured,D_4__uncultured bacterium",1,0,0,0
"D_0__Bacteria,D_1__Actinobacteria,D_2__Thermoleophilia,__,__",1,0,0,0
"D_0__Bacteria,D_1__Armatimonadetes,D_2__Armatimonadia,D_3__Armatimonadales,D_4__Armatimonadaceae",1,0,0,0
"D_0__Bacteria,D_1__Armatimonadetes,D_2__Chthonomonadetes,D_3__Chthonomonadales,D_4__uncultured bacterium",1,0,0,0
"D_0__Bacteria,D_1__Armatimonadetes,D_2__uncultured,D_3__uncultured bacterium,D_4__uncultured bacterium",1,0,0,0
"D_0__Bacteria,D_1__Armatimonadetes,D_2__uncultured,__,__",1,0,0,0
"D_0__Bacteria,D_1__BRC1,D_2__uncultured Acidobacteria bacterium,D_3__uncultured Acidobacteria bacterium,D_4__uncultured Acidobacteria bacterium",1,0,0,0
"D_0__Bacteria,D_1__BRC1,D_2__uncultured soil bacterium PBS-II-1,D_3__uncultured soil bacterium PBS-II-1,D_4__uncultured soil bacterium PBS-II-1",1,0,0,0
"D_0__Bacteria,D_1__Bacteroidetes,D_2__Bacteroidia,D_3__Bacteroidetes VC2.1 Bac22,__",1,0,0,0
"D_0__Bacteria,D_1__Bacteroidetes,D_2__Bacteroidia,D_3__SM1A07,__",1,0,0,0
"D_0__Bacteria,D_1__Bacteroidetes,D_2__Bacteroidia,D_3__Sphingobacteriales,D_4__Lentimicrobiaceae",1,0,0,0
"D_0__Bacteria,D_1__Bacteroidetes,D_2__Ignavibacteria,D_3__Kryptoniales,D_4__BSV26",1,0,0,0
"D_0__Bacteria,D_1__Bacteroidetes,D_2__Ignavibacteria,D_3__OPB56,D_4__Candidatus Kapabacteria sp. 59-99",1,0,0,0
"D_0__Bacteria,D_1__Bacteroidetes,D_2__Ignavibacteria,D_3__OPB56,D_4__uncultured sludge bacterium A12b",1,0,0,0
"D_0__Bacteria,D_1__Chloroflexi,D_2__AD3,Ambiguous_taxa,Ambiguous_taxa",1,0,0,0
"D_0__Bacteria,D_1__Chloroflexi,D_2__AD3,D_3__uncultured forest soil bacterium,D_4__uncultured forest soil bacterium",1,0,0,0
"D_0__Bacteria,D_1__Chloroflexi,D_2__Anaerolineae,D_3__SBR1031,D_4__uncultured Gemmatimonadetes bacterium",1,0,0,0
"D_0__Bacteria,D_1__Chloroflexi,D_2__Anaerolineae,D_3__SBR1031,D_4__uncultured bacterium",1,0,0,0
"D_0__Bacteria,D_1__Chloroflexi,D_2__Chloroflexia,D_3__Chloroflexales,D_4__Herpetosiphonaceae",1,0,0,0
"D_0__Bacteria,D_1__Chloroflexi,D_2__Chloroflexia,D_3__Elev-1554,D_4__uncultured bacterium",1,0,0,0
"D_0__Bacteria,D_1__Chloroflexi,D_2__Dehalococcoidia,D_3__S085,Ambiguous_taxa",1,0,0,0
"D_0__Bacteria,D_1__Chloroflexi,D_2__Dehalococcoidia,D_3__SAR202 clade,__",1,0,0,0
"D_0__Bacteria,D_1__Chloroflexi,D_2__Gitt-GS-136,D_3__uncultured bacterium,D_4__uncultured bacterium",1,0,0,0
"D_0__Bacteria,D_1__Chloroflexi,D_2__JG30-KF-CM66,D_3__uncultured Armatimonadetes bacterium,D_4__uncultured Armatimonadetes bacterium",1,0,0,0
"D_0__Bacteria,D_1__Chloroflexi,D_2__JG30-KF-CM66,D_3__uncultured Chloroflexi bacterium,D_4__uncultured Chloroflexi bacterium",1,0,0,0
"D_0__Bacteria,D_1__Chloroflexi,D_2__KD4-96,D_3__metagenome,D_4__metagenome",1,0,0,0
"D_0__Bacteria,D_1__Chloroflexi,D_2__Ktedonobacteria,D_3__B12-WMSP1,D_4__uncultured Chloroflexi bacterium",1,0,0,0
"D_0__Bacteria,D_1__Chloroflexi,D_2__Ktedonobacteria,D_3__C0119,D_4__uncultured soil bacterium",1,0,0,0
"D_0__Bacteria,D_1__Chloroflexi,D_2__OLB14,D_3__bacterium SCGC AG-212-C10,D_4__bacterium SCGC AG-212-C10",1,0,0,0
"D_0__Bacteria,D_1__Cyanobacteria,D_2__Melainabacteria,D_3__Vampirovibrionales,D_4__metagenome",1,0,0,0
"D_0__Bacteria,D_1__Cyanobacteria,D_2__Oxyphotobacteria,D_3__Nostocales,D_4__Phormidiaceae",1,0,0,0
"D_0__Bacteria,D_1__Cyanobacteria,D_2__Oxyphotobacteria,D_3__Oxyphotobacteria Incertae Sedis,D_4__Unknown Family",1,0,0,0
"D_0__Bacteria,D_1__Cyanobacteria,D_2__Sericytochromatia,D_3__uncultured soil bacterium,D_4__uncultured soil bacterium",1,0,0,0
"D_0__Bacteria,D_1__Dependentiae,D_2__Babeliae,D_3__Babeliales,D_4__UBA12411",1,0,0,0
"D_0__Bacteria,D_1__Elusimicrobia,D_2__Elusimicrobia,D_3__FCPU453,__",1,0,0,0
"D_0__Bacteria,D_1__Elusimicrobia,D_2__Elusimicrobia,D_3__Lineage IV,D_4__uncultured soil bacterium",1,0,0,0
"D_0__Bacteria,D_1__Elusimicrobia,D_2__Lineage IIb,D_3__metagenome,D_4__metagenome",1,0,0,0
"D_0__Bacteria,D_1__Elusimicrobia,D_2__Lineage IIc,D_3__Elusimicrobia bacterium RIFCSPHIGHO2_02_FULL_39_36,D_4__Elusimicrobia bacterium RIFCSPHIGHO2_02_FULL_39_36",1,0,0,0
"D_0__Bacteria,D_1__Elusimicrobia,D_2__Lineage IIc,__,__",1,0,0,0
"D_0__Bacteria,D_1__Firmicutes,D_2__Bacilli,__,__",1,0,0,0
"D_0__Bacteria,D_1__Firmicutes,D_2__Clostridia,D_3__Clostridiales,D_4__Peptococcaceae",1,0,0,0
"D_0__Bacteria,D_1__Firmicutes,D_2__Clostridia,D_3__Clostridiales,D_4__Peptostreptococcaceae",1,0,0,0
"D_0__Bacteria,D_1__Firmicutes,D_2__Negativicutes,D_3__Selenomonadales,D_4__Veillonellaceae",1,0,0,0
"D_0__Bacteria,D_1__GAL15,Ambiguous_taxa,Ambiguous_taxa,Ambiguous_taxa",1,0,0,0
"D_0__Bacteria,D_1__Gemmatimonadetes,D_2__S0134 terrestrial group,D_3__uncultured Gemmatimonadales bacterium,D_4__uncultured Gemmatimonadales bacterium",1,0,0,0
"D_0__Bacteria,D_1__Gemmatimonadetes,D_2__S0134 terrestrial group,D_3__uncultured bacterium,D_4__uncultured bacterium",1,0,0,0
"D_0__Bacteria,D_1__Kiritimatiellaeota,D_2__Kiritimatiellae,D_3__WCHB1-41,__",1,0,0,0
"D_0__Bacteria,D_1__Latescibacteria,Ambiguous_taxa,Ambiguous_taxa,Ambiguous_taxa",1,0,0,0
"D_0__Bacteria,D_1__Latescibacteria,D_2__uncultured Acidobacterium sp.,D_3__uncultured Acidobacterium sp.,D_4__uncultured Acidobacterium sp.",1,0,0,0
"D_0__Bacteria,D_1__Latescibacteria,D_2__uncultured soil bacterium PBS-III-30,D_3__uncultured soil bacterium PBS-III-30,D_4__uncultured soil bacterium PBS-III-30",1,0,0,0
"D_0__Bacteria,D_1__Latescibacteria,D_2__uncultured soil bacterium,D_3__uncultured soil bacterium,D_4__uncultured soil bacterium",1,0,0,0
"D_0__Bacteria,D_1__Margulisbacteria,D_2__uncultured bacterium,D_3__uncultured bacterium,D_4__uncultured bacterium",1,0,0,0
"D_0__Bacteria,D_1__Margulisbacteria,__,__,__",1,0,0,0
"D_0__Bacteria,D_1__Omnitrophicaeota,D_2__uncultured beta proteobacterium,D_3__uncultured beta proteobacterium,D_4__uncultured beta proteobacterium",1,0,0,0
"D_0__Bacteria,D_1__Omnitrophicaeota,__,__,__",1,0,0,0
"D_0__Bacteria,D_1__Patescibacteria,D_2__ABY1,D_3__Candidatus Komeilibacteria,D_4__Candidatus Komeilibacteria bacterium RIFCSPHIGHO2_01_FULL_52_14",1,0,0,0
"D_0__Bacteria,D_1__Patescibacteria,D_2__ABY1,D_3__Candidatus Komeilibacteria,__",1,0,0,0
"D_0__Bacteria,D_1__Patescibacteria,D_2__ABY1,D_3__Candidatus Magasanikbacteria,D_4__Candidatus Magasanikbacteria bacterium GW2011_GWA2_37_8",1,0,0,0
"D_0__Bacteria,D_1__Patescibacteria,D_2__ABY1,D_3__Candidatus Magasanikbacteria,D_4__Candidatus Magasanikbacteria bacterium RIFOXYD1_FULL_40_23",1,0,0,0
"D_0__Bacteria,D_1__Patescibacteria,D_2__ABY1,D_3__Candidatus Magasanikbacteria,D_4__Candidatus Magasanikbacteria bacterium RIFOXYD2_FULL_36_9",1,0,0,0
"D_0__Bacteria,D_1__Patescibacteria,D_2__ABY1,__,__",1,0,0,0
"D_0__Bacteria,D_1__Patescibacteria,D_2__Berkelbacteria,__,__",1,0,0,0
"D_0__Bacteria,D_1__Patescibacteria,D_2__Gracilibacteria,D_3__Absconditabacteriales (SR1),D_4__uncultured bacterium",1,0,0,0
"D_0__Bacteria,D_1__Patescibacteria,D_2__Gracilibacteria,D_3__Candidatus Abawacabacteria,D_4__uncultured bacterium",1,0,0,0
"D_0__Bacteria,D_1__Patescibacteria,D_2__Gracilibacteria,D_3__uncultured marine bacterium,D_4__uncultured marine bacterium",1,0,0,0
"D_0__Bacteria,D_1__Patescibacteria,D_2__Gracilibacteria,D_3__uncultured sediment bacterium,D_4__uncultured sediment bacterium",1,0,0,0
"D_0__Bacteria,D_1__Patescibacteria,D_2__Kazania,D_3__uncultured bacterium,D_4__uncultured bacterium",1,0,0,0
"D_0__Bacteria,D_1__Patescibacteria,D_2__Microgenomatia,D_3__Candidatus Daviesbacteria,D_4__uncultured bacterium",1,0,0,0
"D_0__Bacteria,D_1__Patescibacteria,D_2__Parcubacteria,D_3__Candidatus Colwellbacteria,__",1,0,0,0
"D_0__Bacteria,D_1__Patescibacteria,D_2__Parcubacteria,D_3__Candidatus Jorgensenbacteria,Ambiguous_taxa",1,0,0,0
"D_0__Bacteria,D_1__Patescibacteria,D_2__Parcubacteria,D_3__Candidatus Liptonbacteria,Ambiguous_taxa",1,0,0,0
"D_0__Bacteria,D_1__Patescibacteria,D_2__Parcubacteria,D_3__Candidatus Lloydbacteria,D_4__Candidatus Lloydbacteria bacterium RIFCSPHIGHO2_02_FULL_50_18",1,0,0,0
"D_0__Bacteria,D_1__Patescibacteria,D_2__Parcubacteria,D_3__Candidatus Moranbacteria,__",1,0,0,0
"D_0__Bacteria,D_1__Patescibacteria,D_2__Parcubacteria,D_3__Candidatus Nomurabacteria,D_4__Candidatus Nomurabacteria bacterium GW2011_GWE1_32_28",1,0,0,0
"D_0__Bacteria,D_1__Patescibacteria,D_2__Parcubacteria,D_3__Candidatus Ryanbacteria,D_4__Candidatus Giovannonibacteria bacterium GW2011_GWB1_47_6b",1,0,0,0
"D_0__Bacteria,D_1__Patescibacteria,D_2__Parcubacteria,D_3__Candidatus Staskawiczbacteria,D_4__Candidatus Staskawiczbacteria bacterium RIFCSPHIGHO2_01_FULL_34_27",1,0,0,0
"D_0__Bacteria,D_1__Patescibacteria,D_2__Parcubacteria,D_3__Candidatus Vogelbacteria,D_4__uncultured Parcubacteria group bacterium",1,0,0,0
"D_0__Bacteria,D_1__Patescibacteria,D_2__Parcubacteria,D_3__Candidatus Vogelbacteria,D_4__uncultured bacterium",1,0,0,0
"D_0__Bacteria,D_1__Patescibacteria,D_2__Parcubacteria,D_3__Candidatus Wolfebacteria,__",1,0,0,0
"D_0__Bacteria,D_1__Patescibacteria,D_2__Parcubacteria,D_3__wastewater metagenome,D_4__wastewater metagenome",1,0,0,0
"D_0__Bacteria,D_1__Patescibacteria,D_2__Saccharimonadia,D_3__Saccharimonadales,D_4__metal-contaminated soil clone K20-12",1,0,0,0
"D_0__Bacteria,D_1__Patescibacteria,D_2__Saccharimonadia,D_3__Saccharimonadales,D_4__uncultured bacterium SBR2096",1,0,0,0
"D_0__Bacteria,D_1__Patescibacteria,D_2__Saccharimonadia,D_3__Saccharimonadales,D_4__uncultured gamma proteobacterium",1,0,0,0
"D_0__Bacteria,D_1__Patescibacteria,D_2__Saccharimonadia,D_3__Saccharimonadales,D_4__uncultured organism",1,0,0,0
"D_0__Bacteria,D_1__Patescibacteria,D_2__WS6 (Dojkabacteria),D_3__uncultured organism,D_4__uncultured organism",1,0,0,0
"D_0__Bacteria,D_1__Patescibacteria,D_2__WWE3,D_3__uncultured anaerobic bacterium,D_4__uncultured anaerobic bacterium",1,0,0,0
"D_0__Bacteria,D_1__Patescibacteria,__,__,__",1,0,0,0
"D_0__Bacteria,D_1__Planctomycetes,D_2__Phycisphaerae,D_3__CCM11a,D_4__uncultured bacterium",1,0,0,0
"D_0__Bacteria,D_1__Planctomycetes,D_2__Phycisphaerae,D_3__Pla1 lineage,D_4__uncultured bacterium",1,0,0,0
"D_0__Bacteria,D_1__Planctomycetes,__,__,__",1,0,0,0
"D_0__Bacteria,D_1__Proteobacteria,D_2__Alphaproteobacteria,D_3__Rickettsiales,D_4__bac2nit3",1,0,0,0
"D_0__Bacteria,D_1__Proteobacteria,D_2__Deltaproteobacteria,D_3__Myxococcales,D_4__Vulgatibacteraceae",1,0,0,0
"D_0__Bacteria,D_1__Proteobacteria,D_2__Deltaproteobacteria,D_3__Syntrophobacterales,D_4__Syntrophaceae",1,0,0,0
"D_0__Bacteria,D_1__Proteobacteria,D_2__Gammaproteobacteria,D_3__Acidiferrobacterales,D_4__Acidiferrobacteraceae",1,0,0,0
"D_0__Bacteria,D_1__Proteobacteria,D_2__Gammaproteobacteria,D_3__BD72BR169,D_4__uncultured bacterium",1,0,0,0
"D_0__Bacteria,D_1__Proteobacteria,D_2__Gammaproteobacteria,D_3__Beggiatoales,D_4__Beggiatoaceae",1,0,0,0
"D_0__Bacteria,D_1__Proteobacteria,D_2__Gammaproteobacteria,D_3__CCD24,D_4__uncultured soil bacterium",1,0,0,0
"D_0__Bacteria,D_1__Proteobacteria,D_2__Gammaproteobacteria,D_3__CHAB-XI-27,D_4__uncultured bacterium",1,0,0,0
"D_0__Bacteria,D_1__Proteobacteria,D_2__Gammaproteobacteria,D_3__Ectothiorhodospirales,D_4__Thioalkalispiraceae",1,0,0,0
"D_0__Bacteria,D_1__Proteobacteria,D_2__Gammaproteobacteria,D_3__Oceanospirillales,D_4__Halomonadaceae",1,0,0,0
"D_0__Bacteria,D_1__Proteobacteria,D_2__Gammaproteobacteria,D_3__PLTA13,D_4__uncultured bacterium",1,0,0,0
"D_0__Bacteria,D_1__Proteobacteria,D_2__Gammaproteobacteria,D_3__PLTA13,D_4__uncultured gamma proteobacterium",1,0,0,0
"D_0__Bacteria,D_1__Proteobacteria,D_2__Gammaproteobacteria,D_3__PLTA13,__",1,0,0,0
"D_0__Bacteria,D_1__Proteobacteria,D_2__Gammaproteobacteria,D_3__Piscirickettsiales,D_4__Piscirickettsiaceae",1,0,0,0
"D_0__Bacteria,D_1__Proteobacteria,D_2__Gammaproteobacteria,D_3__R7C24,D_4__uncultured soil bacterium",1,0,0,0
"D_0__Bacteria,D_1__Proteobacteria,D_2__Gammaproteobacteria,D_3__Steroidobacterales,D_4__Woeseiaceae",1,0,0,0
"D_0__Bacteria,D_1__Proteobacteria,D_2__Gammaproteobacteria,D_3__uncultured,__",1,0,0,0
"D_0__Bacteria,D_1__Rokubacteria,D_2__NC10,D_3__Rokubacteriales,Ambiguous_taxa",1,0,0,0
"D_0__Bacteria,D_1__Rokubacteria,D_2__NC10,D_3__Rokubacteriales,D_4__uncultured bacterium",1,0,0,0
"D_0__Bacteria,D_1__Rokubacteria,D_2__NC10,D_3__Rokubacteriales,D_4__uncultured soil bacterium",1,0,0,0
"D_0__Bacteria,D_1__Rokubacteria,D_2__NC10,D_3__Rokubacteriales,__",1,0,0,0
"D_0__Bacteria,D_1__Spirochaetes,D_2__Brachyspirae,D_3__Brachyspirales,D_4__LH041",1,0,0,0
"D_0__Bacteria,D_1__Verrucomicrobia,D_2__Verrucomicrobiae,D_3__Chthoniobacterales,__",1,0,0,0
"D_0__Bacteria,D_1__Verrucomicrobia,D_2__Verrucomicrobiae,D_3__S-BQ2-57 soil group,Ambiguous_taxa",1,0,0,0
"D_0__Bacteria,D_1__WS2,__,__,__",1,0,0,0